sys_RespNum,sys_SequentialRespNum,sys_StartTime,sys_EndTime,sys_ElapsedTime,sys_SumPageTimes,sys_StartTimeStamp,sys_EndTimeStamp,sys_DataSource,sys_RespStatus,sys_RespRemoved,sys_DispositionCode,sys_LastQuestion,sys_UserJavaScript,sys_UserAgent,sys_OperatingSystem,sys_Browser,sys_ScreenWidth,sys_CAPIDeviceID,Gender,age,education,job,KUT_r1,KUT_r2,KUT_r3,KUT_r4,KUT_r5,KUT_r6,KUT_r7,KUT_r8,Gaais_r1,Gaais_r2,Gaais_r3,Gaais_r4,Gaais_r5,Gaais_r6,Gaais_r7,Gaais_r8,Gaais_r9,Gaais_r10,CBC_Random1,CBC_Random2,CBC_Random3,CBC_Random4,CBC_Random5,CBC_Random6,CBC_Random7,CBC_Random8,CBC_Random9,CBC_Random10,CBC_Random11,CBC_Random12,Comment,sys_CBCVersion_CBC,sys_CBCDesignID_CBC,sys_pagetime_1,sys_pagetime_2,sys_pagetime_3,sys_pagetime_4,sys_pagetime_5,sys_pagetime_6,sys_pagetime_7,sys_pagetime_8,sys_pagetime_9,sys_pagetime_10,sys_pagetime_11,sys_pagetime_12,sys_pagetime_13,sys_pagetime_14,sys_pagetime_15,sys_pagetime_16,sys_pagetime_17,sys_pagetime_18,sys_pagetime_19,sys_pagetime_20,sys_pagetime_21,sys_pagetime_22,sys_pagetime_23,sys_pagetime_24,sys_pagetime_25
1,1,26 Dec 2021 - 09:43:19 CET,26 Dec 2021 - 09:54:59 CET,700,695,1640508199,1640508899,1,5,0,,EndText,1,"Mozilla/5.0 (Linux; Android 12; Pixel 5) AppleWebKit/537.36 (KHTML, like Gecko) Chrome/96.0.4664.104 Mobile Safari/537.36",Android 12,Chrome 96.0.4664.104,393,,2,26,6,4,4,1,5,6,1,5,3,2,5,2,2,6,5,2,5,3,5,3,1,2,2,1,1,1,2,3,2,3,2,2,,1,CBC1_1640008116_6,6,36,86,73,45,33,22,20,33,13,10,81,18,28,20,19,27,16,22,17,28,25,17,6,
2,2,26 Dec 2021 - 09:48:38 CET,26 Dec 2021 - 09:55:33 CET,415,410,1640508518,1640508933,1,5,0,,EndText,1,"Mozilla/5.0 (Linux; Android 8.0.0; SM-G930F) AppleWebKit/537.36 (KHTML, like Gecko) Chrome/96.0.4664.104 Mobile Safari/537.36",Android 8.0.0,Chrome 96.0.4664.104,360,,2,58,3,6,3,3,2,2,3,2,4,4,2,4,3,3,3,4,4,4,1,4,3,1,3,1,2,3,1,3,3,1,2,1,,2,CBC1_1640008116_6,15,18,80,56,22,15,15,12,12,6,3,27,19,16,6,10,37,10,12,6,12,8,4,4,
3,3,26 Dec 2021 - 10:08:00 CET,26 Dec 2021 - 10:08:22 CET,22,22,1640509680,1640509702,1,2,0,,KUT,1,"Mozilla/5.0 (Linux; Android 12; Pixel 5) AppleWebKit/537.36 (KHTML, like Gecko) Chrome/96.0.4664.104 Mobile Safari/537.36",Android 12,Chrome 96.0.4664.104,393,,2,28,3,4,,,,,,,,,,,,,,,,,,,,,,,,,,,,,,,,,,9,22,,,,,,,,,,,,,,,,,,,,,,,
4,4,26 Dec 2021 - 11:21:40 CET,26 Dec 2021 - 11:32:21 CET,641,638,1640514100,1640514741,1,5,0,,EndText,1,"Mozilla/5.0 (Linux; Android 11; SAMSUNG SM-A505FN) AppleWebKit/537.36 (KHTML, like Gecko) SamsungBrowser/16.0 Chrome/92.0.4515.166 Mobile Safari/537.36",Android 11,Chrome 92.0.4515.166,412,,2,25,6,4,3,3,3,3,1,4,3,3,3,3,4,4,4,4,4,3,3,3,1,3,1,3,2,2,2,3,1,3,2,3,,4,CBC1_1640008116_6,33,27,65,64,24,14,13,33,20,10,8,62,18,79,24,33,13,25,17,11,15,14,47,2,
5,5,26 Dec 2021 - 11:24:28 CET,26 Dec 2021 - 11:28:56 CET,268,262,1640514268,1640514536,1,5,0,,EndText,1,"Mozilla/5.0 (Linux; Android 12; Pixel 5) AppleWebKit/537.36 (KHTML, like Gecko) Chrome/96.0.4664.104 Mobile Safari/537.36",Android 12,Chrome 96.0.4664.104,393,,2,28,3,4,5,5,1,1,4,1,5,5,5,5,5,5,5,2,5,2,5,5,1,1,1,1,1,1,1,1,1,1,1,1,Viel zu viele Antwortmöglichkeiten,5,CBC1_1640008116_6,7,10,80,65,3,6,5,3,4,3,5,33,5,4,3,3,3,3,2,2,3,2,2,13,
6,6,26 Dec 2021 - 12:45:47 CET,26 Dec 2021 - 12:48:50 CET,183,182,1640519147,1640519330,1,2,0,,ErklaerungOrt,1,"Mozilla/5.0 (Linux; Android 7.0; Lenovo K33a48) AppleWebKit/537.36 (KHTML, like Gecko) Chrome/96.0.4664.104 Mobile Safari/537.36",Android 7.0,Chrome 96.0.4664.104,360,,2,55,5,4,3,4,1,3,1,5,3,3,3,3,4,5,5,4,4,3,3,3,,,,,,,,,,,,,,,,8,42,62,65,8,5,,,,,,,,,,,,,,,,,,,
7,7,26 Dec 2021 - 15:02:47 CET,26 Dec 2021 - 15:16:33 CET,826,915,1640527367,1640528193,1,5,0,,EndText,1,"Mozilla/5.0 (iPhone; CPU iPhone OS 12_5_5 like Mac OS X) AppleWebKit/605.1.15 (KHTML, like Gecko) Version/12.1.2 Mobile/15E148 Safari/604.1",,Safari 604.1,320,,2,25,6,2,2,4,5,3,1,4,5,2,1,4,3,5,4,3,5,2,4,4,3,3,2,2,1,1,3,3,2,2,3,1,,7,CBC1_1640008116_6,24,38,66,84,34,20,25,29,28,14,12,82,36,44,27,45,35,23,21,28,172,11,32,9,
8,8,27 Dec 2021 - 01:16:33 CET,27 Dec 2021 - 01:39:50 CET,1397,1392,1640564193,1640565590,1,5,0,,EndText,1,"Mozilla/5.0 (Linux; Android 10; SM-A705FN) AppleWebKit/537.36 (KHTML, like Gecko) Chrome/96.0.4664.104 Mobile Safari/537.36",Android 10,Chrome 96.0.4664.104,412,,1,19,3,1,5,2,4,2,1,4,1,3,4,2,2,6,6,2,3,3,3,4,1,1,2,1,1,3,3,1,2,1,1,3,Die vorgegebene Zeit wurde nicht eingehalten.,8,CBC1_1640008116_6,85,80,126,204,50,113,79,52,52,15,12,171,74,120,89,7,17,13,28,6,16,11,5,52,
9,9,27 Dec 2021 - 10:04:24 CET,27 Dec 2021 - 10:21:27 CET,1023,1023,1640595864,1640596887,1,2,0,,EndText,1,"Mozilla/5.0 (iPhone; CPU iPhone OS 13_2_2 like Mac OS X) AppleWebKit/605.1.15 (KHTML, like Gecko) Mobile/15E148 LightSpeed [FBAN/MessengerLiteForiOS;FBAV/342.2.0.44.109;FBBV/339612019;FBDV/iPhone9,3;FBMD/iPhone;FBSN/iOS;FBSV/13.2.2;FBSS/2;FBCR/;FBID/phone;FBLC/de;FBOP/0]",,[FBAN MessengerLiteForiOS;FBAV,375,,1,25,5,7,5,2,3,3,1,4,3,2,1,3,6,2,2,6,5,5,1,5,1,3,3,1,2,2,1,1,1,2,2,3,,9,CBC1_1640008116_6,9,115,113,126,42,35,22,20,21,11,7,97,17,45,65,29,92,33,9,47,41,23,13,,
10,10,27 Dec 2021 - 10:21:48 CET,27 Dec 2021 - 10:21:48 CET,0,0,1640596908,1640596908,1,2,0,,Gender,1,"Mozilla/5.0 (iPhone; CPU iPhone OS 13_2_2 like Mac OS X) AppleWebKit/605.1.15 (KHTML, like Gecko) Mobile/15E148 LightSpeed [FBAN/MessengerLiteForiOS;FBAV/342.2.0.44.109;FBBV/339612019;FBDV/iPhone9,3;FBMD/iPhone;FBSN/iOS;FBSV/13.2.2;FBSS/2;FBCR/;FBID/phone;FBLC/de;FBOP/0]",,[FBAN MessengerLiteForiOS;FBAV,375,,,,,,,,,,,,,,,,,,,,,,,,,,,,,,,,,,,,,,,13,,,,,,,,,,,,,,,,,,,,,,,,
11,11,27 Dec 2021 - 10:37:41 CET,27 Dec 2021 - 10:48:04 CET,623,619,1640597861,1640598484,1,5,0,,EndText,1,"Mozilla/5.0 (Macintosh; Intel Mac OS X 10_15_6) AppleWebKit/605.1.15 (KHTML, like Gecko) Version/15.0 Safari/605.1.15",Mac OS X 10.15.6,Safari 15.0,834,,2,22,6,2,5,2,3,4,1,4,3,1,3,4,5,5,4,3,4,3,1,3,2,3,3,2,3,2,1,1,3,2,1,2,,11,CBC1_1640008116_6,707,30,64,56,94,3,9,13,5,7,5,17,33,18,19,31,64,35,39,15,26,14,20,2,
12,12,27 Dec 2021 - 12:52:33 CET,27 Dec 2021 - 13:00:48 CET,495,493,1640605953,1640606448,1,5,0,,EndText,1,Mozilla/5.0 (Android 11; Mobile; rv:95.0) Gecko/95.0 Firefox/95.0,Android 11,Firefox 95.0,396,,1,26,6,4,5,3,5,5,1,6,2,2,4,2,1,6,4,1,5,1,4,5,2,2,1,2,3,3,1,3,1,1,2,3,,12,CBC1_1640008116_6,8,20,52,55,23,13,13,18,12,11,6,56,22,29,22,16,22,13,14,16,25,18,14,3,
13,13,27 Dec 2021 - 13:03:13 CET,27 Dec 2021 - 13:12:26 CET,553,551,1640606593,1640607146,1,5,0,,EndText,1,"Mozilla/5.0 (iPhone; CPU iPhone OS 15_1 like Mac OS X) AppleWebKit/605.1.15 (KHTML, like Gecko) CriOS/96.0.4664.116 Mobile/15E148 Safari/604.1",,Mobile 15E148,390,,1,24,6,4,6,2,6,6,1,6,5,1,6,3,2,6,6,1,6,3,6,3,3,2,3,1,3,1,3,1,2,2,2,2,,13,CBC1_1640008116_6,7,20,99,93,42,16,15,17,24,18,8,50,25,14,13,26,7,12,7,6,6,12,14,7,
14,14,27 Dec 2021 - 13:09:35 CET,27 Dec 2021 - 13:17:33 CET,478,476,1640606975,1640607453,1,5,0,,EndText,1,"Mozilla/5.0 (iPhone; CPU iPhone OS 14_8_1 like Mac OS X) AppleWebKit/605.1.15 (KHTML, like Gecko) Version/14.1.2 Mobile/15E148 Safari/604.1",,Safari 604.1,375,,2,58,6,4,4,3,5,5,1,5,3,1,2,3,3,5,4,2,4,2,4,3,1,3,3,1,1,2,3,1,3,3,3,3,,14,CBC1_1640008116_6,198,15,61,58,17,13,10,12,10,5,7,56,26,24,15,13,18,27,15,18,18,17,18,3,
15,15,27 Dec 2021 - 13:16:20 CET,27 Dec 2021 - 13:16:37 CET,17,17,1640607380,1640607397,1,2,0,,KUT,1,"Mozilla/5.0 (iPhone; CPU iPhone OS 15_1 like Mac OS X) AppleWebKit/605.1.15 (KHTML, like Gecko) Version/15.1 Mobile/15E148 Safari/604.1",,Safari 604.1,414,,1,25,6,2,,,,,,,,,,,,,,,,,,,,,,,,,,,,,,,,,,4,17,,,,,,,,,,,,,,,,,,,,,,,
16,16,27 Dec 2021 - 13:37:03 CET,27 Dec 2021 - 13:47:03 CET,600,597,1640608623,1640609223,1,5,0,,EndText,1,"Mozilla/5.0 (iPhone; CPU iPhone OS 15_1 like Mac OS X) AppleWebKit/605.1.15 (KHTML, like Gecko) Version/15.1 Mobile/15E148 Safari/604.1",,Safari 604.1,414,,1,25,6,2,4,4,1,3,3,2,4,4,4,2,2,4,4,1,5,1,4,3,3,2,1,2,3,2,1,2,1,3,2,1,,16,CBC1_1640008116_6,6,12,82,62,135,11,14,38,20,8,4,37,22,32,23,9,24,10,16,11,9,10,6,2,
17,17,27 Dec 2021 - 14:09:50 CET,27 Dec 2021 - 14:18:12 CET,502,500,1640610590,1640611092,1,5,0,,EndText,1,"Mozilla/5.0 (Linux; Android 12; Pixel 4a) AppleWebKit/537.36 (KHTML, like Gecko) Chrome/96.0.4664.104 Mobile Safari/537.36",Android 12,Chrome 96.0.4664.104,393,,1,26,6,4,5,4,4,3,1,5,3,2,3,5,2,5,5,4,5,4,2,4,3,3,3,3,3,3,3,3,3,1,3,1,,17,CBC1_1640008116_6,2,13,70,76,17,3,4,4,7,2,4,155,46,39,4,14,5,4,7,7,6,4,7,2,
18,18,27 Dec 2021 - 14:28:49 CET,27 Dec 2021 - 14:37:45 CET,536,535,1640611729,1640612265,1,5,0,,EndText,1,"Mozilla/5.0 (Linux; Android 11; IN2023) AppleWebKit/537.36 (KHTML, like Gecko) Chrome/88.0.4324.181 Mobile Safari/537.36 (Ecosia android@88.0.4324.181)",Android 11,Chrome 88.0.4324.181,384,,1,25,6,2,2,2,4,6,1,5,3,1,5,4,3,6,6,4,5,4,6,4,3,2,2,2,1,2,2,2,3,3,1,2,,18,CBC1_1640008116_6,6,17,77,94,31,11,13,20,13,8,8,36,23,28,20,14,14,20,18,24,19,11,13,3,
19,19,27 Dec 2021 - 14:30:43 CET,27 Dec 2021 - 14:35:22 CET,279,279,1640611843,1640612122,1,2,0,,CBC_Random1,1,"Mozilla/5.0 (iPhone; CPU iPhone OS 15_1 like Mac OS X) AppleWebKit/605.1.15 (KHTML, like Gecko) Version/15.1 Mobile/15E148 Safari/604.1",,Safari 604.1,375,,1,23,5,2,5,4,3,4,2,4,2,4,4,5,3,6,6,3,5,4,3,4,,,,,,,,,,,,,,19,CBC1_1640008116_6,4,13,103,142,2,3,5,4,3,2,2,,,,,,,,,,,,,,
20,20,27 Dec 2021 - 14:41:42 CET,27 Dec 2021 - 14:54:39 CET,777,775,1640612502,1640613279,1,5,0,,EndText,1,"Mozilla/5.0 (Linux; Android 9; ONEPLUS A3003) AppleWebKit/537.36 (KHTML, like Gecko) Chrome/88.0.4324.181 Mobile Safari/537.36 (Ecosia android@88.0.4324.181)",Android 9,Chrome 88.0.4324.181,360,,1,26,6,4,4,3,5,5,1,5,3,2,5,6,5,6,5,5,6,5,4,4,1,3,3,2,3,3,1,3,1,1,3,3,,20,CBC1_1640008116_6,38,36,127,73,50,34,69,24,27,10,13,53,29,28,21,24,36,20,35,7,12,10,33,4,
21,21,27 Dec 2021 - 14:56:48 CET,27 Dec 2021 - 15:09:26 CET,758,757,1640613408,1640614166,1,5,0,,EndText,1,"Mozilla/5.0 (iPhone; CPU iPhone OS 15_1 like Mac OS X) AppleWebKit/605.1.15 (KHTML, like Gecko) Version/15.1 Mobile/15E148 Safari/604.1",,Safari 604.1,375,,1,60,5,6,4,4,3,4,3,4,3,3,3,4,3,5,4,2,4,3,3,4,2,1,3,3,3,1,1,1,2,1,1,3,,21,CBC1_1640008116_6,22,36,78,86,40,15,14,14,21,11,9,48,61,55,23,25,45,53,8,14,30,41,26,4,
22,22,27 Dec 2021 - 20:06:29 CET,27 Dec 2021 - 21:35:08 CET,5319,5319,1640631989,1640637308,1,5,0,,EndText,1,"Mozilla/5.0 (iPhone; CPU iPhone OS 15_1 like Mac OS X) AppleWebKit/605.1.15 (KHTML, like Gecko) Version/15.1 Mobile/15E148 Safari/604.1",,Safari 604.1,414,,1,59,6,4,4,2,4,3,3,3,2,2,3,4,3,2,2,4,3,3,3,4,1,1,2,1,2,1,1,2,1,1,3,3,,22,CBC1_1640008116_6,40,25,92,115,43,40,13,25,31,20,9,109,4168,59,51,130,29,37,33,58,133,72,18,9,
23,23,29 Dec 2021 - 09:00:37 CET,29 Dec 2021 - 09:11:10 CET,633,627,1640764837,1640765470,1,5,0,,EndText,1,"Mozilla/5.0 (Macintosh; Intel Mac OS X 10_15_6) AppleWebKit/605.1.15 (KHTML, like Gecko) Version/14.0.3 Safari/605.1.15",Mac OS X 10.15.6,Safari 14.0.3,1275,,2,25,6,2,4,2,3,5,1,5,2,1,4,3,2,6,4,1,6,3,4,3,1,2,2,2,3,3,3,3,1,2,2,1,,23,CBC1_1640008116_6,5,18,319,55,2,1,1,2,2,4,1,30,27,13,30,9,23,18,21,9,11,17,11,3,
24,24,29 Dec 2021 - 09:17:22 CET,29 Dec 2021 - 09:24:24 CET,422,421,1640765842,1640766264,1,5,0,,EndText,1,"Mozilla/5.0 (Linux; Android 10; CLT-L29) AppleWebKit/537.36 (KHTML, like Gecko) Chrome/96.0.4664.104 Mobile Safari/537.36",Android 10,Chrome 96.0.4664.104,360,,2,26,6,2,6,1,3,6,1,5,1,1,6,1,1,6,6,1,6,3,5,2,1,2,2,2,1,3,1,1,1,3,2,1,,24,CBC1_1640008116_6,6,12,38,35,23,20,22,16,23,8,7,47,25,17,24,25,16,10,9,9,8,10,13,4,
25,25,29 Dec 2021 - 09:28:38 CET,29 Dec 2021 - 09:38:19 CET,581,579,1640766518,1640767099,1,5,0,,EndText,1,"Mozilla/5.0 (iPhone; CPU iPhone OS 15_1_1 like Mac OS X) AppleWebKit/605.1.15 (KHTML, like Gecko) Version/15.1 Mobile/15E148 Safari/604.1",,Safari 604.1,390,,2,24,6,2,2,3,3,2,1,4,5,2,3,4,3,4,4,3,4,3,3,3,2,2,3,3,2,2,3,3,1,1,1,3,,25,CBC1_1640008116_6,6,21,70,55,43,20,13,21,28,12,7,49,25,27,29,16,36,15,13,17,18,29,13,2,
26,26,29 Dec 2021 - 09:36:44 CET,29 Dec 2021 - 09:45:36 CET,532,529,1640767004,1640767536,1,5,0,,EndText,1,"Mozilla/5.0 (iPhone; CPU iPhone OS 15_1 like Mac OS X) AppleWebKit/605.1.15 (KHTML, like Gecko) Version/15.1 Mobile/15E148 Safari/604.1",,Safari 604.1,375,,2,26,6,4,4,4,2,3,3,4,4,2,4,2,4,5,5,2,4,2,5,2,1,2,2,3,1,1,2,2,2,1,2,1,,26,CBC1_1640008116_6,8,17,60,50,32,19,17,18,22,10,9,71,26,22,21,8,19,18,13,21,16,21,15,4,
27,27,29 Dec 2021 - 09:46:12 CET,29 Dec 2021 - 09:56:59 CET,647,646,1640767572,1640768219,1,5,0,,EndText,1,"Mozilla/5.0 (iPhone; CPU iPhone OS 15_1 like Mac OS X) AppleWebKit/605.1.15 (KHTML, like Gecko) Version/15.1 Mobile/15E148 Safari/604.1",,Safari 604.1,375,,2,29,6,4,5,2,4,5,1,5,4,2,4,2,4,5,5,3,5,2,4,3,2,3,3,1,3,2,1,2,2,1,2,1,,27,CBC1_1640008116_6,13,68,65,69,54,18,24,18,21,20,10,57,25,44,23,16,26,14,16,17,11,17,8,5,
28,28,29 Dec 2021 - 10:00:53 CET,29 Dec 2021 - 10:11:23 CET,630,628,1640768453,1640769083,1,5,0,,EndText,1,"Mozilla/5.0 (iPhone; CPU iPhone OS 15_2 like Mac OS X) AppleWebKit/605.1.15 (KHTML, like Gecko) Version/15.2 Mobile/15E148 Safari/604.1",,Safari 604.1,375,,1,28,6,4,6,2,6,6,2,5,2,1,3,4,1,6,5,2,6,2,5,4,1,2,2,3,1,1,1,3,3,3,2,2,,28,CBC1_1640008116_6,9,18,42,54,24,22,15,17,15,8,7,42,28,39,30,52,34,49,13,21,19,21,47,11,
29,29,29 Dec 2021 - 11:05:52 CET,29 Dec 2021 - 16:07:10 CET,18078,18254,1640772352,1640790430,1,2,0,,Szenario,1,"Mozilla/5.0 (iPhone; CPU iPhone OS 15_0_1 like Mac OS X) AppleWebKit/605.1.15 (KHTML, like Gecko) Version/15.0 Mobile/15E148 Safari/604.1",,Safari 604.1,414,,2,25,6,2,5,2,3,5,2,5,3,2,4,4,4,5,5,3,4,3,2,3,,,,,,,,,,,,,,,,4,15,89,18150,,,,,,,,,,,,,,,,,,,,,
30,30,29 Dec 2021 - 11:26:04 CET,29 Dec 2021 - 11:32:52 CET,408,406,1640773564,1640773972,1,5,0,,EndText,1,"Mozilla/5.0 (iPhone; CPU iPhone OS 15_1 like Mac OS X) AppleWebKit/605.1.15 (KHTML, like Gecko) Version/15.1 Mobile/15E148 Safari/604.1",,Safari 604.1,414,,2,23,6,2,6,1,6,6,1,6,1,1,3,3,3,5,5,1,5,3,2,2,2,3,1,2,2,1,1,3,1,1,2,2,,30,CBC1_1640008116_6,10,10,53,93,19,7,6,6,9,6,1,29,12,9,28,8,9,20,11,16,11,23,19,1,
31,31,29 Dec 2021 - 11:33:58 CET,29 Dec 2021 - 11:45:23 CET,685,682,1640774038,1640774723,1,5,0,,EndText,1,"Mozilla/5.0 (iPhone; CPU iPhone OS 15_1 like Mac OS X) AppleWebKit/605.1.15 (KHTML, like Gecko) Version/15.1 Mobile/15E148 Safari/604.1",,Safari 604.1,414,,2,23,6,2,4,2,3,4,1,4,3,3,4,5,4,5,4,4,4,4,3,4,2,1,2,3,2,2,3,1,1,1,1,2,,31,CBC1_1640008116_6,6,12,157,83,27,14,20,17,22,20,6,41,26,24,15,30,31,12,40,33,17,21,11,3,
32,32,29 Dec 2021 - 11:42:13 CET,29 Dec 2021 - 11:53:02 CET,649,643,1640774533,1640775182,1,5,0,,EndText,1,"Mozilla/5.0 (Macintosh; Intel Mac OS X 10_15_7) AppleWebKit/605.1.15 (KHTML, like Gecko) Version/15.1 Safari/605.1.15",Mac OS X 10.15.7,Safari 15.1,1264,,1,24,6,2,5,2,2,5,1,5,2,1,4,2,3,5,5,3,5,3,3,5,1,1,1,2,3,1,2,1,1,2,3,2,SAUFEN MORGENS MITTAGS ABENDS ICH WILL SAUFEEEEEN DER HAHN MUSS LAUFEEEEEEEEN,32,CBC1_1640008116_6,17,12,45,77,20,12,13,15,42,19,6,47,105,15,18,21,17,29,69,11,7,10,8,25,
33,33,29 Dec 2021 - 12:03:42 CET,29 Dec 2021 - 12:05:01 CET,79,79,1640775822,1640775901,1,2,0,,CBC_Random1,1,"Mozilla/5.0 (Linux; Android 12; SM-G998B) AppleWebKit/537.36 (KHTML, like Gecko) Chrome/96.0.4664.104 Mobile Safari/537.36",Android 12,Chrome 96.0.4664.104,412,,2,27,6,2,5,2,5,5,2,5,4,3,5,3,2,2,5,3,5,3,5,2,,,,,,,,,,,,,,33,CBC1_1640008116_6,12,17,23,24,3,1,3,2,2,2,2,,,,,,,,,,,,,,
34,34,29 Dec 2021 - 13:36:59 CET,29 Dec 2021 - 13:38:56 CET,117,117,1640781419,1640781536,1,2,0,,Gaais,1,"Mozilla/5.0 (iPhone; CPU iPhone OS 15_1 like Mac OS X) AppleWebKit/605.1.15 (KHTML, like Gecko) Mobile/15E148 Instagram 216.0.0.12.135 (iPhone12,1; iOS 15_1; de_BE; de-BE; scale=2.00; 828x1792; 338132253) NW/3",,NW 3,414,,2,17,8,1,5,2,3,3,1,4,3,3,,,,,,,,,,,,,,,,,,,,,,,,,,5,32,85,,,,,,,,,,,,,,,,,,,,,,
35,35,29 Dec 2021 - 13:40:27 CET,29 Dec 2021 - 13:47:08 CET,401,400,1640781627,1640782028,1,5,0,,EndText,1,"Mozilla/5.0 (iPhone; CPU iPhone OS 14_8 like Mac OS X) AppleWebKit/605.1.15 (KHTML, like Gecko) Mobile/15E148 Instagram 216.0.0.12.135 (iPhone13,2; iOS 14_8; de_DE; de-DE; scale=3.00; 1170x2532; 338132253)",,Mobile 15E148,390,,2,23,6,2,6,1,6,6,1,5,2,1,5,2,2,5,6,1,6,2,4,2,2,2,3,2,2,3,2,3,2,1,1,3,,35,CBC1_1640008116_6,7,10,43,39,37,28,11,22,23,6,26,32,18,10,9,22,14,10,11,8,4,5,9,3,
36,36,29 Dec 2021 - 13:44:05 CET,29 Dec 2021 - 13:47:17 CET,192,191,1640781845,1640782037,1,2,0,,CBC_Random1,1,"Mozilla/5.0 (iPhone; CPU iPhone OS 15_1 like Mac OS X) AppleWebKit/605.1.15 (KHTML, like Gecko) Mobile/15E148 Instagram 216.0.0.12.135 (iPhone12,1; iOS 15_1; de_DE; de-DE; scale=2.00; 828x1792; 338132253)",,Mobile 15E148,414,,1,26,6,4,4,2,5,6,1,3,3,2,6,4,3,6,6,1,6,3,6,5,,,,,,,,,,,,,,36,CBC1_1640008116_6,4,16,49,50,27,3,11,12,11,7,5,,,,,,,,,,,,,,
37,37,29 Dec 2021 - 13:49:16 CET,29 Dec 2021 - 14:12:06 CET,1370,1370,1640782156,1640783526,1,5,0,,EndText,1,"Mozilla/5.0 (Linux; Android 8.0.0; WAS-LX1A) AppleWebKit/537.36 (KHTML, like Gecko) Chrome/92.0.4515.159 Mobile Safari/537.36",Android 8.0.0,Chrome 92.0.4515.159,360,,2,23,6,2,3,4,2,2,3,3,5,2,2,2,4,4,4,4,5,3,3,3,1,3,3,1,1,1,1,3,1,3,3,3,,37,CBC1_1640008116_6,5,20,121,191,478,51,20,24,30,7,15,123,42,58,61,18,15,23,11,13,13,16,14,6,
38,38,29 Dec 2021 - 13:51:27 CET,29 Dec 2021 - 13:56:59 CET,332,332,1640782287,1640782619,1,2,0,,CBC_Random2,1,"Mozilla/5.0 (iPhone; CPU iPhone OS 14_8_1 like Mac OS X) AppleWebKit/605.1.15 (KHTML, like Gecko) Mobile/15E148 Instagram 216.0.0.12.135 (iPhone11,2; iOS 14_8_1; de_BE; de-BE; scale=3.00; 1125x2436; 338132253) NW/3",,NW 3,375,,1,23,6,4,4,3,4,4,1,4,3,2,2,3,5,5,3,6,3,5,3,6,2,,,,,,,,,,,,,38,CBC1_1640008116_6,6,49,101,66,3,18,11,9,11,9,5,50,,,,,,,,,,,,,
39,39,29 Dec 2021 - 13:51:34 CET,29 Dec 2021 - 13:51:58 CET,24,23,1640782294,1640782318,1,2,0,,KUT,1,"Mozilla/5.0 (Linux; Android 11; M2101K6G Build/RKQ1.200826.002; wv) AppleWebKit/537.36 (KHTML, like Gecko) Version/4.0 Chrome/96.0.4664.104 Mobile Safari/537.36 Instagram 216.1.0.21.137 Android (30/11; 440dpi; 1080x2177; Xiaomi/Redmi; M2101K6G; sweet; qcom; de_DE; 339335857)",Android 11,Chrome 96.0.4664.104,393,,2,23,6,4,,,,,,,,,,,,,,,,,,,,,,,,,,,,,,,,,,11,23,,,,,,,,,,,,,,,,,,,,,,,
40,40,29 Dec 2021 - 13:53:18 CET,29 Dec 2021 - 14:01:42 CET,504,504,1640782398,1640782902,1,5,0,,EndText,1,"Mozilla/5.0 (iPhone; CPU iPhone OS 15_1 like Mac OS X) AppleWebKit/605.1.15 (KHTML, like Gecko) Mobile/15E148 Instagram 216.0.0.12.135 (iPhone10,6; iOS 15_1; de_DE; de-DE; scale=3.00; 1125x2436; 338132253) NW/3",,NW 3,375,,2,23,6,2,4,4,2,3,2,4,4,3,4,4,5,5,4,5,3,4,1,3,2,3,2,1,3,1,3,2,1,2,3,2,,40,CBC1_1640008116_6,13,17,43,46,35,17,12,11,19,5,4,47,21,22,24,18,25,26,16,24,37,15,17,3,
41,41,29 Dec 2021 - 13:56:26 CET,29 Dec 2021 - 13:56:57 CET,31,31,1640782586,1640782617,1,2,0,,KUT,1,"Mozilla/5.0 (iPhone; CPU iPhone OS 14_8_1 like Mac OS X) AppleWebKit/605.1.15 (KHTML, like Gecko) Mobile/15E148 Instagram 216.0.0.12.135 (iPhone12,1; iOS 14_8_1; de_DE; de-DE; scale=2.00; 828x1792; 338132253)",,Mobile 15E148,414,,2,22,6,3,,,,,,,,,,,,,,,,,,,,,,,,,,,,,,,,,,5,31,,,,,,,,,,,,,,,,,,,,,,,
42,42,29 Dec 2021 - 14:01:05 CET,29 Dec 2021 - 14:16:15 CET,910,908,1640782865,1640783775,1,5,0,,EndText,1,"Mozilla/5.0 (iPhone; CPU iPhone OS 15_0_2 like Mac OS X) AppleWebKit/605.1.15 (KHTML, like Gecko) Version/15.0 Mobile/15E148 Safari/604.1",,Safari 604.1,375,,1,23,5,4,6,3,5,5,1,5,3,3,4,4,3,4,5,4,4,5,4,5,1,1,2,3,1,3,3,2,1,2,2,2,,42,CBC1_1640008116_6,17,26,128,120,37,27,34,22,38,13,4,83,31,19,25,28,32,17,24,92,15,77,12,4,
43,43,29 Dec 2021 - 14:01:12 CET,29 Dec 2021 - 14:05:49 CET,277,276,1640782872,1640783149,1,2,0,,CBC_Random3,1,"Mozilla/5.0 (iPhone; CPU iPhone OS 15_1 like Mac OS X) AppleWebKit/605.1.15 (KHTML, like Gecko) Mobile/15E148 Instagram 216.0.0.12.135 (iPhone12,1; iOS 15_1; de_BE; de-BE; scale=2.00; 828x1792; 338132253) NW/3",,NW 3,414,,2,23,4,4,5,2,3,5,1,4,4,3,3,4,5,4,4,5,3,4,2,4,1,3,,,,,,,,,,,,43,CBC1_1640008116_6,5,42,56,50,26,10,15,8,3,9,4,26,27,,,,,,,,,,,,
44,44,29 Dec 2021 - 14:06:12 CET,29 Dec 2021 - 14:20:22 CET,850,848,1640783172,1640784022,1,5,0,,EndText,1,"Mozilla/5.0 (Macintosh; Intel Mac OS X 10_15_7) AppleWebKit/605.1.15 (KHTML, like Gecko) Version/14.1.1 Safari/605.1.15",Mac OS X 10.15.7,Safari 14.1.1,1920,,2,23,6,4,5,2,3,3,1,4,2,2,4,2,2,4,4,2,4,2,2,2,3,3,1,3,2,3,3,1,1,2,2,2,,44,CBC1_1640008116_6,55,23,59,119,63,28,32,39,43,17,12,101,47,38,32,17,52,32,17,20,10,29,12,6,
45,45,29 Dec 2021 - 14:36:24 CET,29 Dec 2021 - 14:50:01 CET,817,816,1640784984,1640785801,1,5,0,,EndText,1,"Mozilla/5.0 (iPhone; CPU iPhone OS 14_7_1 like Mac OS X) AppleWebKit/605.1.15 (KHTML, like Gecko) Version/14.1.2 Mobile/15E148 Safari/604.1",,Safari 604.1,375,,2,23,6,4,5,2,3,4,1,5,3,2,5,3,2,5,5,2,6,3,4,4,1,2,1,1,2,2,3,3,3,3,1,2,,45,CBC1_1640008116_6,8,31,120,89,74,22,24,29,24,11,11,76,42,25,35,39,26,24,31,20,19,13,27,4,
46,46,29 Dec 2021 - 14:47:10 CET,29 Dec 2021 - 14:52:05 CET,295,290,1640785630,1640785925,1,5,0,,EndText,1,"Mozilla/5.0 (iPhone; CPU iPhone OS 14_8_1 like Mac OS X) AppleWebKit/605.1.15 (KHTML, like Gecko) Version/14.1.2 Mobile/15E148 Safari/604.1",,Safari 604.1,375,,2,23,6,2,4,1,3,4,1,4,2,1,5,3,3,4,5,3,5,2,4,4,3,2,1,3,1,1,3,3,3,2,1,3,,46,CBC1_1640008116_6,4,12,32,53,21,12,8,10,11,3,4,24,16,7,7,15,4,8,7,10,8,8,8,2,
47,47,29 Dec 2021 - 15:23:10 CET,29 Dec 2021 - 15:36:10 CET,780,777,1640787790,1640788570,1,5,0,,EndText,1,"Mozilla/5.0 (Windows NT 6.1; WOW64) AppleWebKit/537.36 (KHTML, like Gecko) Chrome/96.0.4664.93 Safari/537.36 OPR/82.0.4227.33",Windows 7,Opera 82.0.4227.33,1309,,1,26,6,2,4,4,2,4,3,4,5,2,2,3,2,6,5,3,4,3,2,3,2,3,1,3,1,1,1,3,2,2,3,3,Spannende und abwechslungsreiche Umfrage!,47,CBC1_1640008116_6,45,40,57,70,33,32,28,40,53,33,11,54,27,18,21,37,31,16,21,26,22,33,23,51,
48,48,29 Dec 2021 - 15:35:00 CET,29 Dec 2021 - 15:35:42 CET,42,42,1640788500,1640788542,1,2,0,,KUT,1,"Mozilla/5.0 (iPhone; CPU iPhone OS 15_1 like Mac OS X) AppleWebKit/605.1.15 (KHTML, like Gecko) Mobile/15E148 Instagram 216.0.0.12.135 (iPhone9,4; iOS 15_1; de_BE; de-BE; scale=2.61; 1080x1920; 338132253)",,Mobile 15E148,414,,2,22,4,3,,,,,,,,,,,,,,,,,,,,,,,,,,,,,,,,,,61,42,,,,,,,,,,,,,,,,,,,,,,,
49,49,29 Dec 2021 - 15:56:27 CET,29 Dec 2021 - 16:05:43 CET,556,556,1640789787,1640790343,1,5,0,,EndText,1,"Mozilla/5.0 (Linux; Android 9; VTR-L09) AppleWebKit/537.36 (KHTML, like Gecko) Chrome/96.0.4664.104 Mobile Safari/537.36",Android 9,Chrome 96.0.4664.104,360,,2,23,6,2,4,3,1,4,2,3,3,2,3,2,2,6,5,3,5,2,3,2,2,1,2,1,2,3,2,2,3,1,1,3,,49,CBC1_1640008116_6,21,17,106,51,26,18,9,14,16,8,3,117,24,16,11,40,12,8,11,10,10,17,9,3,
50,50,29 Dec 2021 - 15:56:31 CET,29 Dec 2021 - 16:05:16 CET,525,525,1640789791,1640790316,1,5,0,,EndText,1,"Mozilla/5.0 (Linux; Android 9; SM-G950F Build/PPR1.180610.011; wv) AppleWebKit/537.36 (KHTML, like Gecko) Version/4.0 Chrome/96.0.4664.104 Mobile Safari/537.36 Instagram 216.1.0.21.137 Android (28/9; 480dpi; 1080x2076; samsung; SM-G950F; dreamlte; samsungexynos8895; de_DE; 339335857)",Android 9,Chrome 96.0.4664.104,360,,1,18,6,2,5,2,3,5,1,5,2,2,5,4,3,6,5,2,5,4,4,4,3,3,2,1,3,2,3,1,2,3,2,2,,50,CBC1_1640008116_6,6,27,67,56,38,11,11,4,4,2,2,54,32,31,24,19,15,18,18,23,28,23,14,4,
51,51,29 Dec 2021 - 15:56:45 CET,29 Dec 2021 - 16:01:58 CET,313,312,1640789805,1640790118,1,2,0,,CBC_Random1,1,"Mozilla/5.0 (Linux; Android 11; SAMSUNG SM-G970F) AppleWebKit/537.36 (KHTML, like Gecko) SamsungBrowser/16.0 Chrome/92.0.4515.166 Mobile Safari/537.36",Android 11,Chrome 92.0.4515.166,360,,1,22,6,2,4,3,3,4,2,4,3,3,4,3,2,4,5,2,4,3,4,3,,,,,,,,,,,,,,51,CBC1_1640008116_6,30,21,82,94,34,14,8,18,17,14,10,,,,,,,,,,,,,,
52,52,29 Dec 2021 - 16:07:12 CET,29 Dec 2021 - 16:22:29 CET,917,915,1640790432,1640791349,1,5,0,,EndText,1,"Mozilla/5.0 (iPhone; CPU iPhone OS 14_7_1 like Mac OS X) AppleWebKit/605.1.15 (KHTML, like Gecko) Version/14.1.2 Mobile/15E148 Safari/604.1",,Safari 604.1,414,,2,23,6,2,5,1,4,6,1,5,2,2,4,2,2,6,4,1,5,2,4,2,3,1,3,3,2,3,1,1,3,3,2,2,,52,CBC1_1640008116_6,4,20,54,61,74,80,90,71,27,12,7,48,52,63,22,47,23,24,29,22,20,34,33,2,
53,53,29 Dec 2021 - 16:12:39 CET,29 Dec 2021 - 16:21:10 CET,511,509,1640790759,1640791270,1,5,0,,EndText,1,"Mozilla/5.0 (Macintosh; Intel Mac OS X 10_15_7) AppleWebKit/537.36 (KHTML, like Gecko) Chrome/95.0.4638.69 Safari/537.36",Mac OS X 10.15.7,Chrome 95.0.4638.69,1436,,2,54,6,4,4,4,3,4,3,4,3,2,2,4,5,5,5,5,5,5,2,5,2,3,3,3,2,3,2,3,2,1,1,3,,53,CBC1_1640008116_6,3,18,67,57,47,25,13,25,14,9,11,54,12,20,13,14,19,15,10,16,17,18,12,3,
54,54,29 Dec 2021 - 18:24:29 CET,29 Dec 2021 - 18:35:34 CET,665,660,1640798669,1640799334,1,5,0,,EndText,1,"Mozilla/5.0 (Macintosh; Intel Mac OS X 10_15_6) AppleWebKit/605.1.15 (KHTML, like Gecko) Version/15.1 Safari/605.1.15",Mac OS X 10.15.6,Safari 15.1,834,,1,55,4,4,5,1,6,6,1,5,1,1,6,2,1,6,6,1,6,2,5,2,1,3,3,3,3,3,3,2,3,1,1,2,,54,CBC1_1640008116_6,32,49,68,66,41,25,18,37,29,46,10,85,30,23,17,17,13,15,25,11,8,11,10,6,
55,55,29 Dec 2021 - 19:06:10 CET,29 Dec 2021 - 19:18:13 CET,723,719,1640801170,1640801893,1,5,0,,EndText,1,"Mozilla/5.0 (Macintosh; Intel Mac OS X 10_15_6) AppleWebKit/605.1.15 (KHTML, like Gecko) Version/15.1 Safari/605.1.15",Mac OS X 10.15.6,Safari 15.1,834,,2,53,3,6,3,4,2,3,2,3,4,2,4,3,2,5,5,2,5,4,4,3,1,3,3,1,1,2,2,2,3,1,2,3,,55,CBC1_1640008116_6,4,36,109,81,43,27,14,34,36,16,14,99,38,13,14,7,24,14,19,10,14,15,28,14,
56,56,29 Dec 2021 - 19:54:03 CET,29 Dec 2021 - 19:57:53 CET,230,229,1640804043,1640804273,1,2,0,,CBC_Random1,1,"Mozilla/5.0 (iPhone; CPU iPhone OS 14_8_1 like Mac OS X) AppleWebKit/605.1.15 (KHTML, like Gecko) Mobile/15E148 Instagram 216.0.0.12.135 (iPhone8,2; iOS 14_8_1; de_DE; de-DE; scale=2.61; 1080x1920; 338132253)",,Mobile 15E148,414,,2,21,3,4,5,3,2,4,1,5,3,2,4,4,1,5,5,2,5,1,2,2,,,,,,,,,,,,,,56,CBC1_1640008116_6,7,51,85,58,4,3,9,8,3,6,2,,,,,,,,,,,,,,
57,57,29 Dec 2021 - 20:15:05 CET,29 Dec 2021 - 20:26:53 CET,708,729,1640805305,1640806013,1,5,0,,EndText,1,"Mozilla/5.0 (iPhone; CPU iPhone OS 15_2 like Mac OS X) AppleWebKit/605.1.15 (KHTML, like Gecko) Mobile/15E148 Instagram 216.0.0.12.135 (iPhone14,3; iOS 15_2; de_DE; de-DE; scale=3.00; 1284x2778; 338132253)",,Mobile 15E148,428,,2,23,6,2,5,2,5,6,2,5,2,1,4,1,3,6,6,2,6,1,6,3,1,3,2,2,3,1,2,3,2,2,3,3,,57,CBC1_1640008116_6,21,41,68,59,55,23,25,25,80,14,11,56,22,66,10,29,15,19,17,25,17,25,20,7,
58,58,30 Dec 2021 - 13:31:31 CET,30 Dec 2021 - 13:38:06 CET,395,392,1640867491,1640867886,1,2,0,,CBC_Random1,1,"Mozilla/5.0 (Linux; Android 11; SM-G973F) AppleWebKit/537.36 (KHTML, like Gecko) Chrome/96.0.4664.104 Mobile Safari/537.36",Android 11,Chrome 96.0.4664.104,826,,1,26,6,2,6,1,6,6,1,5,1,1,6,4,4,6,6,3,6,3,4,5,,,,,,,,,,,,,,58,CBC1_1640008116_6,3,62,144,86,50,17,10,6,4,4,9,,,,,,,,,,,,,,
59,59,30 Dec 2021 - 13:46:38 CET,30 Dec 2021 - 14:02:03 CET,925,925,1640868398,1640869323,1,2,0,,EinuerhrungErklarung,1,"Mozilla/5.0 (iPhone; CPU iPhone OS 14_8_1 like Mac OS X) AppleWebKit/605.1.15 (KHTML, like Gecko) Version/14.1.2 Mobile/15E148 Safari/604.1",,Safari 604.1,375,,2,22,6,2,4,3,4,5,1,5,3,2,3,3,5,5,5,3,5,3,2,4,,,,,,,,,,,,,,,,13,16,45,62,802,,,,,,,,,,,,,,,,,,,,
60,60,30 Dec 2021 - 13:51:55 CET,30 Dec 2021 - 13:51:55 CET,0,0,1640868715,1640868715,1,2,0,,Gender,1,"Mozilla/5.0 (iPhone; CPU iPhone OS 15_1 like Mac OS X) AppleWebKit/605.1.15 (KHTML, like Gecko) Version/15.1 Mobile/15E148 Safari/604.1",,Safari 604.1,375,,,,,,,,,,,,,,,,,,,,,,,,,,,,,,,,,,,,,,,12,,,,,,,,,,,,,,,,,,,,,,,,
61,61,30 Dec 2021 - 13:53:02 CET,30 Dec 2021 - 14:01:03 CET,481,484,1640868782,1640869263,1,5,0,,EndText,1,"Mozilla/5.0 (iPhone; CPU iPhone OS 15_1 like Mac OS X) AppleWebKit/605.1.15 (KHTML, like Gecko) Version/15.1 Mobile/15E148 Safari/604.1",,Safari 604.1,667,,2,54,4,4,3,2,4,4,1,4,3,1,4,3,4,5,5,4,3,4,2,3,2,2,3,3,1,3,3,2,3,3,1,2,,61,CBC1_1640008116_6,5,24,75,100,13,10,10,10,5,6,57,8,15,37,11,12,13,12,10,14,10,17,10,5,
62,62,30 Dec 2021 - 14:06:51 CET,30 Dec 2021 - 14:17:52 CET,661,659,1640869611,1640870272,1,5,0,,EndText,1,"Mozilla/5.0 (iPhone; CPU iPhone OS 15_1 like Mac OS X) AppleWebKit/605.1.15 (KHTML, like Gecko) Version/15.1 Mobile/15E148 Safari/604.1",,Safari 604.1,375,,2,21,5,2,4,4,2,4,1,4,3,2,4,3,2,5,5,2,4,3,3,3,3,2,1,2,2,2,2,3,1,1,1,2,,62,CBC1_1640008116_6,21,28,90,82,49,29,17,18,34,6,10,54,29,20,28,18,23,31,19,15,16,19,19,5,
63,63,30 Dec 2021 - 14:10:21 CET,30 Dec 2021 - 14:24:55 CET,874,870,1640869821,1640870695,1,2,0,,CBC_Random9,1,"Mozilla/5.0 (Linux; Android 12; Pixel 4a Build/SQ1A.211205.008; wv) AppleWebKit/537.36 (KHTML, like Gecko) Version/4.0 Chrome/96.0.4664.104 Mobile Safari/537.36 [FB_IAB/FB4A;FBAV/348.0.0.39.118;]",Android 12,[FB_IAB FB4A;FBAV,393,,2,54,5,4,4,3,4,4,3,4,2,3,4,3,2,4,5,2,4,2,4,3,2,2,2,3,1,3,3,3,,,,,,63,CBC1_1640008116_6,6,37,106,114,44,21,12,10,40,12,9,105,37,77,44,39,53,81,29,,,,,,
64,64,30 Dec 2021 - 14:52:27 CET,30 Dec 2021 - 15:01:16 CET,529,523,1640872347,1640872876,1,2,0,,EndText,1,"Mozilla/5.0 (Linux; Android 8.0.0; SAMSUNG SM-A520F) AppleWebKit/537.36 (KHTML, like Gecko) SamsungBrowser/16.0 Chrome/92.0.4515.166 Mobile Safari/537.36",Android 8.0.0,Chrome 92.0.4515.166,360,,2,34,6,4,4,3,3,3,2,2,4,2,3,5,5,5,5,5,5,5,3,5,3,1,3,3,1,2,2,3,1,3,2,1,,64,CBC1_1640008116_6,8,21,54,44,25,20,20,22,21,8,7,66,37,36,20,26,16,14,14,8,17,13,14,,
65,65,30 Dec 2021 - 14:59:05 CET,30 Dec 2021 - 15:07:08 CET,483,481,1640872745,1640873228,1,5,0,,EndText,1,"Mozilla/5.0 (iPhone; CPU iPhone OS 15_1 like Mac OS X) AppleWebKit/605.1.15 (KHTML, like Gecko) Mobile/19B74 [FBAN/FBIOS;FBDV/iPhone12,3;FBMD/iPhone;FBSN/iOS;FBSV/15.1;FBSS/3;FBID/phone;FBLC/de_DE;FBOP/5]",,[FBAN FBIOS;FBDV,375,,2,24,5,4,6,1,3,4,1,4,3,3,3,3,3,4,4,3,4,2,3,3,1,1,2,2,3,3,3,2,3,3,3,2,,65,CBC1_1640008116_6,17,14,44,64,27,16,12,14,6,11,7,30,24,19,23,17,17,22,14,28,32,18,20,2,
66,66,30 Dec 2021 - 14:59:38 CET,30 Dec 2021 - 15:00:04 CET,26,26,1640872778,1640872804,1,2,0,,KUT,1,"Mozilla/5.0 (Linux; Android 9; SM-G950F Build/PPR1.180610.011; wv) AppleWebKit/537.36 (KHTML, like Gecko) Version/4.0 Chrome/96.0.4664.104 Mobile Safari/537.36 [FB_IAB/FB4A;FBAV/348.0.0.39.118;]",Android 9,[FB_IAB FB4A;FBAV,360,,2,60,5,4,,,,,,,,,,,,,,,,,,,,,,,,,,,,,,,,,,7,26,,,,,,,,,,,,,,,,,,,,,,,
67,67,30 Dec 2021 - 15:06:35 CET,30 Dec 2021 - 15:09:06 CET,151,151,1640873195,1640873346,1,2,0,,Szenario,1,"Mozilla/5.0 (iPhone; CPU iPhone OS 15_1 like Mac OS X) AppleWebKit/605.1.15 (KHTML, like Gecko) Mobile/19B74 [FBAN/FBIOS;FBDV/iPhone12,1;FBMD/iPhone;FBSN/iOS;FBSV/15.1;FBSS/2;FBID/phone;FBLC/de_DE;FBOP/5]",,[FBAN FBIOS;FBDV,375,,2,52,5,4,2,4,2,3,2,3,4,4,2,4,4,3,3,4,3,4,3,4,,,,,,,,,,,,,,,,17,28,64,59,,,,,,,,,,,,,,,,,,,,,
68,68,30 Dec 2021 - 15:27:57 CET,30 Dec 2021 - 15:38:27 CET,630,629,1640874477,1640875107,1,5,0,,EndText,1,Mozilla/5.0 (Windows NT 10.0; Win64; x64; rv:95.0) Gecko/20100101 Firefox/95.0,Windows 10.0,Firefox 95.0,1920,,2,22,6,2,5,4,3,4,2,5,3,2,5,3,3,5,5,3,4,4,5,2,1,2,1,3,3,1,1,1,2,3,2,1,,68,CBC1_1640008116_6,2,13,236,101,6,2,6,3,3,1,23,28,24,28,15,23,41,12,7,24,17,6,8,2,
69,69,30 Dec 2021 - 15:42:27 CET,30 Dec 2021 - 15:53:03 CET,636,631,1640875347,1640875983,1,5,0,,EndText,1,"Mozilla/5.0 (iPhone; CPU iPhone OS 14_8_1 like Mac OS X) AppleWebKit/605.1.15 (KHTML, like Gecko) Version/14.1.2 Mobile/15E148 Safari/604.1",,Safari 604.1,375,,2,22,6,2,4,3,4,5,2,4,2,3,3,3,4,5,4,3,4,4,2,3,1,3,3,1,1,1,2,1,1,1,3,3,"In der mobilen Ansicht können die Symbole zur Erklärung der Kategorien nicht erkannt werden, da sie sehr stark verzerrt sind. Man versteht die verschiedenen Optionen trotzdem problemlos in dem darauf folgenden Varianten.",69,CBC1_1640008116_6,6,12,77,48,25,18,21,24,24,19,5,42,27,27,18,39,19,16,22,9,16,13,10,100,
70,70,30 Dec 2021 - 16:01:30 CET,30 Dec 2021 - 16:03:48 CET,138,136,1640876490,1640876628,1,2,0,,Gaais,1,"Mozilla/5.0 (Linux; Android 12; SM-G996B Build/SP1A.210812.016; wv) AppleWebKit/537.36 (KHTML, like Gecko) Version/4.0 Chrome/96.0.4664.104 Mobile Safari/537.36 [FB_IAB/FB4A;FBAV/348.0.0.39.118;]",Android 12,[FB_IAB FB4A;FBAV,384,,2,41,4,4,4,5,3,4,2,4,3,3,3,4,4,4,5,4,4,4,2,3,,,,,,,,,,,,,,,,5,19,57,52,8,,,,,,,,,,,,,,,,,,,,
71,71,30 Dec 2021 - 18:19:21 CET,30 Dec 2021 - 18:20:10 CET,49,49,1640884761,1640884810,1,2,0,,Gaais,1,"Mozilla/5.0 (iPad; CPU OS 14_7_1 like Mac OS X) AppleWebKit/605.1.15 (KHTML, like Gecko) Version/14.1.2 Mobile/15E148 Safari/604.1",,Safari 604.1,1024,,2,29,6,4,3,4,2,4,2,3,3,3,,,,,,,,,,,,,,,,,,,,,,,,,,3,12,37,,,,,,,,,,,,,,,,,,,,,,
72,72,30 Dec 2021 - 19:24:16 CET,30 Dec 2021 - 19:35:28 CET,672,728,1640888656,1640889328,1,5,0,,EndText,1,"Mozilla/5.0 (iPhone; CPU iPhone OS 14_6 like Mac OS X) AppleWebKit/605.1.15 (KHTML, like Gecko) Version/14.1.1 Mobile/15E148 Safari/604.1",,Safari 604.1,390,,2,25,6,4,5,3,4,4,1,4,4,3,4,3,4,5,4,3,4,5,4,3,1,1,3,3,3,1,3,2,1,1,3,2,,72,CBC1_1640008116_6,37,131,94,67,46,23,16,20,24,17,8,66,21,40,21,22,14,14,16,13,18,21,10,6,
73,73,30 Dec 2021 - 19:35:57 CET,30 Dec 2021 - 19:58:05 CET,1328,1502,1640889357,1640890685,1,2,0,,Erklaerungexplain,1,"Mozilla/5.0 (iPhone; CPU iPhone OS 15_1_1 like Mac OS X) AppleWebKit/605.1.15 (KHTML, like Gecko) Mobile/19B81 [FBAN/FBIOS;FBDV/iPhone13,1;FBMD/iPhone;FBSN/iOS;FBSV/15.1.1;FBSS/3;FBID/phone;FBLC/de_DE;FBOP/5]",,[FBAN FBIOS;FBDV,320,,2,53,6,4,5,3,3,3,2,4,2,2,3,2,2,5,5,3,4,3,2,3,,,,,,,,,,,,,,,,6,1227,56,123,30,40,14,12,,,,,,,,,,,,,,,,,
74,74,30 Dec 2021 - 23:14:21 CET,30 Dec 2021 - 23:15:35 CET,74,73,1640902461,1640902535,1,2,0,,Gaais,1,"Mozilla/5.0 (Linux; Android 11; SM-A526B Build/RP1A.200720.012; wv) AppleWebKit/537.36 (KHTML, like Gecko) Version/4.0 Chrome/96.0.4664.104 Mobile Safari/537.36 [FB_IAB/FB4A;FBAV/348.0.0.39.118;]",Android 11,[FB_IAB FB4A;FBAV,360,,2,55,5,4,3,4,2,2,3,3,5,3,,,,,,,,,,,,,,,,,,,,,,,,,,6,22,51,,,,,,,,,,,,,,,,,,,,,,
75,75,31 Dec 2021 - 00:50:17 CET,31 Dec 2021 - 00:55:44 CET,327,326,1640908217,1640908544,1,2,0,,CBC_Random1,1,"Mozilla/5.0 (iPhone; CPU iPhone OS 14_8_1 like Mac OS X) AppleWebKit/605.1.15 (KHTML, like Gecko) Version/14.1.2 Mobile/15E148 Safari/604.1",,Safari 604.1,414,,2,23,6,4,3,4,2,3,1,4,4,3,4,3,3,5,4,3,5,3,4,3,,,,,,,,,,,,,,75,CBC1_1640008116_6,4,27,78,116,6,6,22,25,19,16,11,,,,,,,,,,,,,,
76,76,31 Dec 2021 - 01:05:37 CET,31 Dec 2021 - 01:05:38 CET,1,0,1640909137,1640909138,1,2,0,,Gender,1,"Mozilla/5.0 (iPhone; CPU iPhone OS 15_0 like Mac OS X) AppleWebKit/605.1.15 (KHTML, like Gecko) Version/15.0 Mobile/15E148 Safari/604.1",,Safari 604.1,375,,,,,,,,,,,,,,,,,,,,,,,,,,,,,,,,,,,,,,,9,,,,,,,,,,,,,,,,,,,,,,,,
77,77,31 Dec 2021 - 01:25:48 CET,31 Dec 2021 - 01:37:39 CET,711,709,1640910348,1640911059,1,5,0,,EndText,1,"Mozilla/5.0 (Linux; Android 10; SM-G960F Build/QP1A.190711.020; wv) AppleWebKit/537.36 (KHTML, like Gecko) Version/4.0 Chrome/96.0.4664.104 Mobile Safari/537.36 [FB_IAB/FB4A;FBAV/348.0.0.39.118;]",Android 10,[FB_IAB FB4A;FBAV,360,,2,57,5,4,3,4,3,3,4,3,4,3,2,3,2,5,5,2,4,2,2,3,2,3,2,3,3,1,2,1,1,1,3,3,,77,CBC1_1640008116_6,6,30,72,67,26,20,12,21,18,14,7,73,31,58,29,22,34,34,38,28,21,21,27,6,
78,78,31 Dec 2021 - 01:57:09 CET,31 Dec 2021 - 02:05:24 CET,495,490,1640912229,1640912724,1,5,0,,EndText,1,"Mozilla/5.0 (iPhone; CPU iPhone OS 15_2 like Mac OS X) AppleWebKit/605.1.15 (KHTML, like Gecko) Mobile/19C56 [FBAN/FBIOS;FBDV/iPhone13,3;FBMD/iPhone;FBSN/iOS;FBSV/15.2;FBSS/3;FBID/phone;FBLC/de_DE;FBOP/5]",,[FBAN FBIOS;FBDV,390,,1,42,6,4,5,2,5,5,1,4,3,2,4,3,3,5,5,2,6,2,4,4,2,2,1,1,1,2,2,1,2,1,1,1,,78,CBC1_1640008116_6,7,11,33,49,28,18,19,10,16,13,2,48,22,23,31,14,22,16,21,16,19,20,37,2,
79,79,31 Dec 2021 - 10:43:34 CET,31 Dec 2021 - 10:50:54 CET,440,439,1640943814,1640944254,1,5,0,,EndText,1,"Mozilla/5.0 (iPad; CPU OS 15_1 like Mac OS X) AppleWebKit/605.1.15 (KHTML, like Gecko) Mobile/19B74 [FBAN/FBIOS;FBDV/iPad11,1;FBMD/iPad;FBSN/iOS;FBSV/15.1;FBSS/2;FBID/tablet;FBLC/de_DE;FBOP/5]",,[FBAN FBIOS;FBDV,1024,,1,47,5,4,5,2,6,5,2,6,1,1,3,6,6,2,1,5,2,5,1,6,1,1,3,1,2,2,1,2,1,3,1,1,,79,CBC1_1640008116_6,5,16,41,48,25,14,15,10,15,9,6,56,15,15,24,21,14,11,18,15,10,17,14,10,
80,80,31 Dec 2021 - 16:06:16 CET,31 Dec 2021 - 16:14:38 CET,502,501,1640963176,1640963678,1,5,0,,EndText,1,"Mozilla/5.0 (iPhone; CPU iPhone OS 14_8_1 like Mac OS X) AppleWebKit/605.1.15 (KHTML, like Gecko) Version/14.1.2 Mobile/15E148 Safari/604.1",,Safari 604.1,414,,2,23,6,2,5,2,3,5,2,4,3,3,4,4,3,5,5,3,4,3,4,4,1,3,1,2,1,1,3,3,2,1,3,2,,80,CBC1_1640008116_6,5,16,53,43,28,6,9,5,5,5,3,40,34,31,40,24,22,17,22,35,19,27,16,1,
81,81,31 Dec 2021 - 18:49:31 CET,31 Dec 2021 - 18:56:02 CET,391,391,1640972971,1640973362,1,2,0,,letgsoCBC,1,"Mozilla/5.0 (iPhone; CPU iPhone OS 15_1 like Mac OS X) AppleWebKit/605.1.15 (KHTML, like Gecko) Mobile/19B74 [FBAN/FBIOS;FBDV/iPhone10,6;FBMD/iPhone;FBSN/iOS;FBSV/15.1;FBSS/3;FBID/phone;FBLC/en_Qaau_GB;FBOP/5]",,[FBAN FBIOS;FBDV,375,,2,50,5,4,4,3,3,4,2,4,3,2,4,3,2,5,4,1,5,1,4,2,,,,,,,,,,,,,,,,16,39,74,72,42,25,62,21,38,18,,,,,,,,,,,,,,,
82,82,31 Dec 2021 - 23:59:18 CET,01 Jan 2022 - 00:02:38 CET,200,198,1640991558,1640991758,1,2,0,,ErklaerungOrt,1,"Mozilla/5.0 (iPhone; CPU iPhone OS 15_1 like Mac OS X) AppleWebKit/605.1.15 (KHTML, like Gecko) Mobile/19B74 [FBAN/FBIOS;FBDV/iPhone10,4;FBMD/iPhone;FBSN/iOS;FBSV/15.1;FBSS/2;FBID/phone;FBLC/de_DE;FBOP/5]",,[FBAN FBIOS;FBDV,375,,2,57,4,4,4,2,4,4,1,4,3,3,4,2,3,4,4,3,4,3,4,3,,,,,,,,,,,,,,,,51,28,73,63,20,14,,,,,,,,,,,,,,,,,,,
83,83,01 Jan 2022 - 16:32:59 CET,01 Jan 2022 - 16:41:43 CET,524,529,1641051179,1641051703,1,5,0,,EndText,1,"Mozilla/5.0 (iPhone; CPU iPhone OS 14_8_1 like Mac OS X) AppleWebKit/605.1.15 (KHTML, like Gecko) Version/14.1.2 Mobile/15E148 Safari/604.1",,Safari 604.1,375,,2,29,6,4,4,2,5,4,1,6,2,2,4,3,3,4,4,3,4,3,2,4,1,3,3,3,3,1,1,3,1,2,2,2,,83,CBC1_1640008116_6,19,37,57,70,10,12,7,6,18,11,58,29,41,25,21,16,15,15,13,14,16,12,22,4,
84,84,01 Jan 2022 - 16:43:08 CET,01 Jan 2022 - 16:50:50 CET,462,461,1641051788,1641052250,1,5,0,,EndText,1,"Mozilla/5.0 (iPhone; CPU iPhone OS 15_1_1 like Mac OS X) AppleWebKit/605.1.15 (KHTML, like Gecko) Version/15.1 Mobile/15E148 Safari/604.1",,Safari 604.1,390,,1,31,6,4,6,1,6,6,1,6,1,1,5,3,2,5,5,2,5,2,5,2,3,1,1,3,1,1,1,1,2,1,3,3,,84,CBC1_1640008116_6,3,10,38,71,49,12,11,5,6,2,5,68,13,15,12,11,50,6,28,9,11,13,13,3,
85,85,01 Jan 2022 - 22:04:07 CET,01 Jan 2022 - 22:04:07 CET,0,0,1641071047,1641071047,1,2,0,,Gender,1,"Mozilla/5.0 (iPhone; CPU iPhone OS 15_1 like Mac OS X) AppleWebKit/605.1.15 (KHTML, like Gecko) Version/15.1 Mobile/15E148 Safari/604.1",,Safari 604.1,375,,,,,,,,,,,,,,,,,,,,,,,,,,,,,,,,,,,,,,,6,,,,,,,,,,,,,,,,,,,,,,,,
86,86,02 Jan 2022 - 00:07:27 CET,02 Jan 2022 - 00:12:25 CET,298,296,1641078447,1641078745,1,5,0,,EndText,1,"Mozilla/5.0 (iPhone; CPU iPhone OS 15_2 like Mac OS X) AppleWebKit/605.1.15 (KHTML, like Gecko) Version/15.2 Mobile/15E148 Safari/604.1",,Safari 604.1,414,,2,24,4,2,6,2,5,5,1,5,3,2,4,2,2,5,4,3,4,2,2,4,2,2,1,2,1,2,1,3,1,1,1,1,,86,CBC1_1640008116_6,8,18,50,45,22,4,10,11,11,11,4,23,12,9,15,4,5,13,5,4,4,5,7,4,
87,87,02 Jan 2022 - 03:19:01 CET,02 Jan 2022 - 03:30:55 CET,714,708,1641089941,1641090655,1,5,0,,EndText,1,"Mozilla/5.0 (iPhone; CPU iPhone OS 14_6 like Mac OS X) AppleWebKit/605.1.15 (KHTML, like Gecko) Mobile/18F72 [FBAN/FBIOS;FBDV/iPhone12,3;FBMD/iPhone;FBSN/iOS;FBSV/14.6;FBSS/3;FBID/phone;FBLC/es_ES;FBOP/5]",,[FBAN FBIOS;FBDV,375,,1,34,6,4,4,2,4,4,1,4,4,2,4,5,3,5,5,1,5,3,5,5,1,3,1,1,1,2,3,1,1,2,2,3,,87,CBC1_1640008116_6,19,15,91,57,33,47,23,28,25,9,12,51,41,38,37,19,22,26,18,25,44,19,26,2,
88,88,02 Jan 2022 - 10:52:01 CET,02 Jan 2022 - 11:03:27 CET,686,681,1641117121,1641117807,1,5,0,,EndText,1,"Mozilla/5.0 (Windows NT 10.0; Win64; x64) AppleWebKit/537.36 (KHTML, like Gecko) Chrome/96.0.4664.110 Safari/537.36",Windows 10.0,Chrome 96.0.4664.110,1519,,1,25,6,2,5,2,2,3,1,4,3,2,4,6,4,5,4,4,4,4,3,4,2,1,1,2,2,2,3,1,1,1,2,1,,88,CBC1_1640008116_6,23,26,68,60,41,17,14,22,18,11,10,66,20,42,40,25,55,15,52,17,22,15,21,4,
89,89,02 Jan 2022 - 14:44:39 CET,02 Jan 2022 - 14:50:47 CET,368,365,1641131079,1641131447,1,5,0,,EndText,1,"Mozilla/5.0 (Windows NT 10.0; Win64; x64) AppleWebKit/537.36 (KHTML, like Gecko) Chrome/96.0.4664.110 Safari/537.36",Windows 10.0,Chrome 96.0.4664.110,2560,,1,30,6,4,4,4,3,4,2,4,2,2,5,4,2,6,6,2,6,3,5,4,3,1,2,2,1,3,3,2,3,2,1,3,,89,CBC1_1640008116_6,2,14,41,32,22,13,13,15,14,12,2,35,16,14,11,30,21,18,8,7,9,5,11,2,
90,90,02 Jan 2022 - 17:03:08 CET,02 Jan 2022 - 17:05:04 CET,116,116,1641139388,1641139504,1,2,0,,Gaais,1,"Mozilla/5.0 (iPhone; CPU iPhone OS 10_3_4 like Mac OS X) AppleWebKit/603.3.8 (KHTML, like Gecko) Version/10.0 Mobile/14G61 Safari/602.1",,Safari 602.1,320,,2,22,6,2,4,3,1,3,1,3,4,4,,,,,,,,,,,,,,,,,,,,,,,,,,38,27,89,,,,,,,,,,,,,,,,,,,,,,
91,91,03 Jan 2022 - 08:53:50 CET,03 Jan 2022 - 09:02:33 CET,523,522,1641196430,1641196953,1,5,0,,EndText,1,"Mozilla/5.0 (iPhone; CPU iPhone OS 14_8_1 like Mac OS X) AppleWebKit/605.1.15 (KHTML, like Gecko) Version/14.1.2 Mobile/15E148 Safari/604.1",,Safari 604.1,414,,2,24,6,2,5,2,3,4,1,4,3,3,4,3,4,4,4,3,4,3,4,3,3,3,3,2,2,2,2,2,3,2,3,2,,91,CBC1_1640008116_6,16,12,47,49,24,13,17,18,32,15,7,44,41,32,32,30,13,17,12,18,13,20,14,2,
92,92,03 Jan 2022 - 12:51:40 CET,03 Jan 2022 - 12:53:03 CET,83,83,1641210700,1641210783,1,2,0,,Szenario,1,"Mozilla/5.0 (Macintosh; Intel Mac OS X 10_14_6) AppleWebKit/537.36 (KHTML, like Gecko) Chrome/96.0.4664.110 Safari/537.36",Mac OS X 10.14.6,Chrome 96.0.4664.110,1440,,2,25,6,2,5,4,2,2,1,3,4,3,4,3,3,5,5,3,4,3,3,4,,,,,,,,,,,,,,,,7,17,32,34,,,,,,,,,,,,,,,,,,,,,
93,93,03 Jan 2022 - 14:31:19 CET,03 Jan 2022 - 14:44:12 CET,773,770,1641216679,1641217452,1,5,0,,EndText,1,"Mozilla/5.0 (Linux; Android 10; SM-J600FN) AppleWebKit/537.36 (KHTML, like Gecko) Chrome/96.0.4664.104 Mobile Safari/537.36",Android 10,Chrome 96.0.4664.104,360,,1,57,6,4,2,5,2,2,5,2,5,4,3,4,4,4,4,4,5,5,2,5,2,3,1,1,3,2,3,3,1,3,1,3,,93,CBC1_1640008116_6,8,20,56,60,29,34,27,27,24,14,7,86,37,44,37,27,41,43,36,34,35,21,25,6,
94,94,03 Jan 2022 - 17:00:49 CET,03 Jan 2022 - 17:08:52 CET,483,479,1641225649,1641226132,1,2,0,,CBC_Random12,1,"Mozilla/5.0 (Linux; Android 11; SAMSUNG SM-A217F) AppleWebKit/537.36 (KHTML, like Gecko) SamsungBrowser/15.0 Chrome/90.0.4430.210 Mobile Safari/537.36",Android 11,Chrome 90.0.4430.210,412,,2,55,5,6,4,3,4,4,3,4,5,3,3,3,2,5,3,2,4,4,3,4,3,1,1,1,1,1,1,1,1,1,1,1,,94,CBC1_1640008116_6,22,37,102,93,22,20,11,10,13,11,9,61,11,8,9,6,5,5,10,9,6,7,8,6,
95,95,04 Jan 2022 - 13:41:11 CET,04 Jan 2022 - 13:47:11 CET,360,354,1641300071,1641300431,1,5,0,,EndText,1,"Mozilla/5.0 (iPhone; CPU iPhone OS 15_1_1 like Mac OS X) AppleWebKit/605.1.15 (KHTML, like Gecko) Mobile/19B81 [FBAN/FBIOS;FBDV/iPhone13,2;FBMD/iPhone;FBSN/iOS;FBSV/15.1.1;FBSS/3;FBID/phone;FBLC/de_DE;FBOP/5]",,[FBAN FBIOS;FBDV,390,,1,27,6,4,5,2,5,5,1,5,2,2,5,2,2,5,5,2,6,3,5,3,3,2,3,3,3,1,2,3,2,3,1,3,,95,CBC1_1640008116_6,3,14,46,32,14,14,9,5,5,4,2,32,23,15,13,16,8,18,26,16,12,17,9,4,
96,96,04 Jan 2022 - 15:51:16 CET,04 Jan 2022 - 15:51:16 CET,0,0,1641307876,1641307876,1,2,0,,Gender,1,"Mozilla/5.0 (iPhone; CPU iPhone OS 15_1 like Mac OS X) AppleWebKit/605.1.15 (KHTML, like Gecko) Version/15.1 Mobile/15E148 Safari/604.1",,Safari 604.1,414,,,,,,,,,,,,,,,,,,,,,,,,,,,,,,,,,,,,,,,14,,,,,,,,,,,,,,,,,,,,,,,,
97,97,04 Jan 2022 - 15:51:27 CET,04 Jan 2022 - 15:51:27 CET,0,0,1641307887,1641307887,1,2,0,,Gender,1,"Mozilla/5.0 (iPhone; CPU iPhone OS 15_1 like Mac OS X) AppleWebKit/605.1.15 (KHTML, like Gecko) Version/15.1 Mobile/15E148 Safari/604.1",,Safari 604.1,414,,,,,,,,,,,,,,,,,,,,,,,,,,,,,,,,,,,,,,,25,,,,,,,,,,,,,,,,,,,,,,,,
98,98,04 Jan 2022 - 17:43:53 CET,04 Jan 2022 - 17:43:54 CET,1,0,1641314633,1641314634,1,2,0,,Gender,1,"Mozilla/5.0 (iPhone; CPU iPhone OS 15_1 like Mac OS X) AppleWebKit/605.1.15 (KHTML, like Gecko) Version/15.1 Mobile/15E148 Safari/604.1",,Safari 604.1,414,,,,,,,,,,,,,,,,,,,,,,,,,,,,,,,,,,,,,,,6772,,,,,,,,,,,,,,,,,,,,,,,,
99,99,04 Jan 2022 - 19:54:10 CET,04 Jan 2022 - 19:56:22 CET,132,131,1641322450,1641322582,1,5,0,,EndText,1,Mozilla/5.0 (Windows NT 10.0; Win64; x64; rv:95.0) Gecko/20100101 Firefox/95.0,Windows 10.0,Firefox 95.0,1920,,1,28,6,2,5,5,5,4,5,5,4,5,5,4,5,4,5,5,4,5,5,5,1,2,2,3,2,2,1,2,2,2,1,2,,99,CBC1_1640008116_6,4,8,6,8,1,3,5,7,11,6,2,20,9,9,7,7,3,4,3,3,3,2,2,2,
100,100,04 Jan 2022 - 20:48:56 CET,04 Jan 2022 - 20:55:16 CET,380,377,1641325736,1641326116,1,5,0,,EndText,1,"Mozilla/5.0 (Macintosh; Intel Mac OS X 10_15_7) AppleWebKit/537.36 (KHTML, like Gecko) Chrome/95.0.4638.69 Safari/537.36",Mac OS X 10.15.7,Chrome 95.0.4638.69,1407,,2,27,6,2,5,2,6,6,1,6,3,2,4,2,2,5,5,2,6,3,5,4,2,3,3,2,1,1,2,1,2,2,3,3,,100,CBC1_1640008116_6,2127,13,44,40,36,19,22,30,14,10,4,28,15,15,12,9,5,4,9,23,8,9,6,2,
101,101,06 Jan 2022 - 11:55:53 CET,06 Jan 2022 - 12:03:17 CET,444,457,1641466553,1641466997,1,5,0,,EndText,1,"Mozilla/5.0 (iPhone; CPU iPhone OS 15_1_1 like Mac OS X) AppleWebKit/605.1.15 (KHTML, like Gecko) Mobile/15E148 Instagram 216.0.0.12.135 (iPhone13,2; iOS 15_1_1; de_DE; de-DE; scale=3.00; 1170x2532; 338132253)",,Mobile 15E148,390,,2,22,5,4,4,3,3,4,3,5,4,2,4,5,3,5,5,3,4,4,2,5,3,2,3,3,3,2,3,2,2,1,1,2,,101,CBC1_1640008116_6,7,38,45,42,22,9,11,15,18,9,7,33,20,20,22,17,13,13,14,18,39,10,20,2,
102,102,06 Jan 2022 - 12:08:12 CET,06 Jan 2022 - 12:09:14 CET,62,62,1641467292,1641467354,1,2,0,,Gaais,1,"Mozilla/5.0 (Linux; Android 9; ANE-LX1 Build/HUAWEIANE-L21; wv) AppleWebKit/537.36 (KHTML, like Gecko) Version/4.0 Chrome/96.0.4664.104 Mobile Safari/537.36 Instagram 216.1.0.21.137 Android (28/9; 480dpi; 1080x2060; HUAWEI; ANE-LX1; HWANE; hi6250; de_DE; 339335857)",Android 9,Chrome 96.0.4664.104,360,,2,22,4,4,4,3,3,4,2,4,3,2,,,,,,,,,,,,,,,,,,,,,,,,,,9,20,42,,,,,,,,,,,,,,,,,,,,,,
103,103,06 Jan 2022 - 12:14:17 CET,06 Jan 2022 - 13:07:54 CET,3217,3217,1641467657,1641470874,1,5,0,,EndText,1,"Mozilla/5.0 (Linux; Android 10; H8324 Build/52.1.A.3.49; wv) AppleWebKit/537.36 (KHTML, like Gecko) Version/4.0 Chrome/95.0.4638.74 Mobile Safari/537.36 Instagram 215.0.0.27.359 Android (29/10; 408dpi; 1080x2038; Sony; H8324; H8324; qcom; en_NZ; 337202359)",Android 10,Chrome 95.0.4638.74,424,,2,22,5,2,5,3,5,5,2,5,3,2,3,2,3,6,5,3,4,3,4,2,2,3,2,1,2,3,1,3,2,2,3,2,,103,CBC1_1640008116_6,8,20,42,42,48,29,18,15,27,5,3,30,33,16,24,15,30,12,8,2769,11,8,9,3,
104,104,06 Jan 2022 - 12:28:24 CET,06 Jan 2022 - 12:31:37 CET,193,193,1641468504,1641468697,1,2,0,,CBC_Random1,1,"Mozilla/5.0 (iPhone; CPU iPhone OS 15_1 like Mac OS X) AppleWebKit/605.1.15 (KHTML, like Gecko) Mobile/15E148 Instagram 216.0.0.12.135 (iPhone11,8; iOS 15_1; de_DE; de-DE; scale=2.00; 828x1792; 338132253) NW/3",,NW 3,414,,1,23,5,2,5,3,4,5,1,4,3,3,4,3,4,6,6,3,6,3,5,3,,,,,,,,,,,,,,104,CBC1_1640008116_6,7,23,60,61,20,3,10,5,6,2,3,,,,,,,,,,,,,,
105,105,06 Jan 2022 - 12:29:29 CET,06 Jan 2022 - 12:34:41 CET,312,312,1641468569,1641468881,1,2,0,,CBC_Random3,1,"Mozilla/5.0 (iPhone; CPU iPhone OS 14_8_1 like Mac OS X) AppleWebKit/605.1.15 (KHTML, like Gecko) Mobile/15E148 Instagram 216.0.0.12.135 (iPhone12,1; iOS 14_8_1; de_DE; de-DE; scale=2.00; 828x1792; 338132253)",,Mobile 15E148,414,,1,23,5,2,6,1,5,6,1,5,2,2,5,4,2,5,5,2,5,5,5,4,3,2,,,,,,,,,,,,105,CBC1_1640008116_6,14,22,46,54,21,27,17,13,16,7,7,60,22,,,,,,,,,,,,
106,106,06 Jan 2022 - 12:30:28 CET,06 Jan 2022 - 12:37:13 CET,405,402,1641468628,1641469033,1,5,0,,EndText,1,"Mozilla/5.0 (iPhone; CPU iPhone OS 14_6 like Mac OS X) AppleWebKit/605.1.15 (KHTML, like Gecko) Mobile/15E148 Instagram 216.0.0.12.135 (iPhone10,4; iOS 14_6; en_DE; en-GB; scale=2.00; 750x1334; 338132253)",,Mobile 15E148,375,,2,22,5,2,5,2,4,5,1,5,2,2,5,2,3,6,5,1,6,2,3,1,3,1,3,1,1,3,2,3,2,2,3,1,,106,CBC1_1640008116_6,4,24,42,42,25,10,8,10,6,3,3,32,32,40,13,14,20,15,11,14,10,17,9,2,
107,107,06 Jan 2022 - 12:38:42 CET,06 Jan 2022 - 12:48:09 CET,567,565,1641469122,1641469689,1,5,0,,EndText,1,"Mozilla/5.0 (iPhone; CPU iPhone OS 15_2 like Mac OS X) AppleWebKit/605.1.15 (KHTML, like Gecko) Mobile/15E148 Instagram 216.0.0.12.135 (iPhone14,2; iOS 15_2; de_DE; de-DE; scale=3.00; 1170x2532; 338132253)",,Mobile 15E148,390,,1,23,5,2,5,2,5,5,2,5,3,2,5,2,2,6,5,2,5,2,5,2,3,3,1,3,3,3,2,1,2,3,1,3,,107,CBC1_1640008116_6,9,37,69,51,51,24,20,32,24,10,5,31,21,36,19,16,14,16,18,29,14,15,11,2,
108,108,06 Jan 2022 - 12:40:46 CET,06 Jan 2022 - 12:56:57 CET,971,969,1641469246,1641470217,1,5,0,,EndText,1,"Mozilla/5.0 (Linux; Android 10; MI 8 Build/QKQ1.190828.002; wv) AppleWebKit/537.36 (KHTML, like Gecko) Version/4.0 Chrome/96.0.4664.104 Mobile Safari/537.36 Instagram 216.1.0.21.137 Android (29/10; 440dpi; 1080x2029; Xiaomi; MI 8; dipper; qcom; de_DE; 339335857)",Android 10,Chrome 96.0.4664.104,393,,1,21,5,2,6,2,5,5,1,5,2,2,6,3,2,6,6,4,5,4,6,2,2,3,3,3,1,3,3,2,1,3,1,3,,108,CBC1_1640008116_6,12,45,64,84,24,24,42,30,28,11,10,105,45,88,47,66,48,38,32,22,20,55,17,24,
109,109,06 Jan 2022 - 12:56:56 CET,06 Jan 2022 - 13:13:19 CET,983,806,1641470216,1641471199,1,5,0,,EndText,1,"Mozilla/5.0 (Macintosh; Intel Mac OS X 10_15_7) AppleWebKit/605.1.15 (KHTML, like Gecko) Version/15.1 Safari/605.1.15",Mac OS X 10.15.7,Safari 15.1,1175,,1,23,5,2,4,2,3,4,3,4,3,2,4,3,4,2,3,2,4,2,5,4,2,1,2,2,3,2,1,1,3,3,2,3,,109,CBC1_1640008116_6,13,22,44,357,2,2,2,2,2,5,2,76,58,14,61,12,5,7,92,12,9,7,10,3,
110,110,06 Jan 2022 - 13:16:58 CET,06 Jan 2022 - 13:26:17 CET,559,557,1641471418,1641471977,1,5,0,,EndText,1,"Mozilla/5.0 (iPhone; CPU iPhone OS 15_1 like Mac OS X) AppleWebKit/605.1.15 (KHTML, like Gecko) Version/15.1 Mobile/15E148 Safari/604.1",,Safari 604.1,375,,2,23,5,2,4,3,2,5,2,4,4,2,4,3,4,5,5,3,4,4,3,3,3,3,1,1,1,3,2,1,1,2,3,1,,110,CBC1_1640008116_6,8,21,73,65,44,15,15,16,21,13,3,48,31,19,26,18,13,19,12,24,14,18,25,4,
111,111,06 Jan 2022 - 13:27:35 CET,06 Jan 2022 - 13:33:32 CET,357,357,1641472055,1641472412,1,5,0,,EndText,1,"Mozilla/5.0 (Macintosh; Intel Mac OS X 10_15_7) AppleWebKit/605.1.15 (KHTML, like Gecko) Version/15.1 Safari/605.1.15",Mac OS X 10.15.7,Safari 15.1,1440,,2,23,6,2,5,4,1,5,1,4,3,2,3,2,2,5,6,1,5,3,3,3,2,1,2,1,1,1,2,3,1,2,3,1,,111,CBC1_1640008116_6,5,22,32,53,13,9,7,10,8,7,3,46,13,18,16,13,12,6,9,9,30,7,11,3,
112,112,06 Jan 2022 - 13:41:26 CET,06 Jan 2022 - 13:45:49 CET,263,262,1641472886,1641473149,1,2,0,,CBC_Random4,1,"Mozilla/5.0 (iPad; CPU OS 14_8 like Mac OS X) AppleWebKit/605.1.15 (KHTML, like Gecko) Mobile/15E148 Instagram 216.0.0.12.135 (iPad11,6; iOS 14_8; de_DE; de-DE; scale=2.00; 1334x750; 338132253)",,Mobile 15E148,375,,2,20,5,2,5,2,3,3,1,5,4,3,2,5,4,4,6,4,5,4,2,5,1,2,3,,,,,,,,,,,112,CBC1_1640008116_6,16,11,53,43,29,14,12,10,10,4,4,37,21,14,,,,,,,,,,,
113,113,06 Jan 2022 - 13:57:42 CET,06 Jan 2022 - 14:05:18 CET,456,454,1641473862,1641474318,1,5,0,,EndText,1,"Mozilla/5.0 (Linux; Android 11; SM-N975F) AppleWebKit/537.36 (KHTML, like Gecko) Chrome/96.0.4664.104 Mobile Safari/537.36",Android 11,Chrome 96.0.4664.104,480,,1,31,6,4,5,2,6,5,1,5,2,2,3,4,4,4,4,5,3,5,3,4,3,3,3,3,3,2,1,3,1,1,2,1,,113,CBC1_1640008116_6,4,17,90,55,18,6,8,4,12,11,3,33,25,43,25,13,11,5,16,38,10,5,4,2,
114,114,06 Jan 2022 - 14:22:25 CET,06 Jan 2022 - 14:28:33 CET,368,367,1641475345,1641475713,1,5,0,,EndText,1,"Mozilla/5.0 (Linux; Android 11; GM1913 Build/RKQ1.201022.002; wv) AppleWebKit/537.36 (KHTML, like Gecko) Version/4.0 Chrome/96.0.4664.104 Mobile Safari/537.36 Instagram 217.0.0.0.444 Android (30/11; 600dpi; 1440x3120; OnePlus; GM1913; OnePlus7Pro; qcom; de_DE; 342754065)",Android 11,Chrome 96.0.4664.104,384,,1,26,5,2,6,1,6,6,1,6,1,1,5,2,2,6,6,1,6,2,5,2,2,1,1,2,2,3,3,3,2,3,1,1,,114,CBC1_1640008116_6,10,16,47,41,22,15,11,11,18,11,6,35,28,9,19,14,11,7,10,4,7,12,11,2,
115,115,06 Jan 2022 - 14:40:34 CET,06 Jan 2022 - 14:40:53 CET,19,19,1641476434,1641476453,1,2,0,,KUT,1,"Mozilla/5.0 (iPhone; CPU iPhone OS 15_1 like Mac OS X) AppleWebKit/605.1.15 (KHTML, like Gecko) Mobile/15E148 Instagram 216.0.0.12.135 (iPhone11,8; iOS 15_1; de_DE; de-DE; scale=2.00; 828x1792; 338132253)",,Mobile 15E148,414,,2,22,5,2,,,,,,,,,,,,,,,,,,,,,,,,,,,,,,,,,,16,19,,,,,,,,,,,,,,,,,,,,,,,
116,116,06 Jan 2022 - 15:17:14 CET,06 Jan 2022 - 15:25:01 CET,467,465,1641478634,1641479101,1,5,0,,EndText,1,"Mozilla/5.0 (iPad; CPU OS 15_1 like Mac OS X) AppleWebKit/605.1.15 (KHTML, like Gecko) Mobile/19B74 [FBAN/FBIOS;FBDV/iPad8,7;FBMD/iPad;FBSN/iPadOS;FBSV/15.1;FBSS/2;FBID/tablet;FBLC/de_DE;FBOP/5]",,[FBAN FBIOS;FBDV,1024,,1,60,6,4,6,3,6,6,1,6,2,2,5,3,2,6,6,1,5,2,6,2,2,3,3,1,2,3,3,2,2,3,1,2,,116,CBC1_1640008116_6,28,20,47,45,20,11,7,15,19,7,8,79,36,18,15,13,13,11,10,15,16,9,20,11,
117,117,06 Jan 2022 - 15:53:09 CET,06 Jan 2022 - 16:01:44 CET,515,512,1641480789,1641481304,1,5,0,,EndText,1,Mozilla/5.0 (Macintosh; Intel Mac OS X 10.15; rv:95.0) Gecko/20100101 Firefox/95.0,Mac OS X 10.15,Firefox 95.0,1126,,2,25,6,2,5,2,4,5,1,5,2,1,1,5,6,4,3,5,3,6,1,5,3,1,1,2,2,3,2,1,1,3,1,2,,117,CBC1_1640008116_6,43,15,40,48,34,22,15,21,22,7,9,40,32,77,15,17,13,15,12,15,14,9,10,10,
118,118,06 Jan 2022 - 15:58:01 CET,06 Jan 2022 - 16:06:16 CET,495,495,1641481081,1641481576,1,2,0,,CBC_Random1,1,"Mozilla/5.0 (Linux; Android 11; SM-A326B Build/RP1A.200720.012; wv) AppleWebKit/537.36 (KHTML, like Gecko) Version/4.0 Chrome/96.0.4664.104 Mobile Safari/537.36 [FB_IAB/FB4A;FBAV/348.0.0.39.118;]",Android 11,[FB_IAB FB4A;FBAV,320,,1,63,8,5,4,3,4,4,3,4,3,3,4,3,3,5,5,3,4,3,4,3,,,,,,,,,,,,,,118,CBC1_1640008116_6,25,65,118,101,49,39,24,23,44,20,12,,,,,,,,,,,,,,
119,119,06 Jan 2022 - 16:05:26 CET,06 Jan 2022 - 16:17:54 CET,748,746,1641481526,1641482274,1,5,0,,EndText,1,"Mozilla/5.0 (Linux; Android 8.0.0; SM-G930F Build/R16NW; wv) AppleWebKit/537.36 (KHTML, like Gecko) Version/4.0 Chrome/96.0.4664.104 Mobile Safari/537.36 [FB_IAB/FB4A;FBAV/348.0.0.39.118;]",Android 8.0.0,[FB_IAB FB4A;FBAV,360,,2,35,5,2,2,4,1,3,2,3,5,4,4,2,2,6,3,1,5,2,1,3,3,2,2,1,2,2,1,2,1,2,3,3,Interessante Umfrage. 😊👍🏻,119,CBC1_1640008116_6,31,14,76,66,30,38,23,36,68,16,12,67,40,36,25,25,23,21,21,29,22,18,17,23,
120,120,06 Jan 2022 - 17:03:34 CET,06 Jan 2022 - 17:07:36 CET,242,240,1641485014,1641485256,1,2,0,,CBC_Random1,1,"Mozilla/5.0 (Linux; Android 11; SM-G780G Build/RP1A.200720.012; wv) AppleWebKit/537.36 (KHTML, like Gecko) Version/4.0 Chrome/96.0.4664.104 Mobile Safari/537.36 [FB_IAB/FB4A;FBAV/348.0.0.39.118;]",Android 11,[FB_IAB FB4A;FBAV,360,,2,45,6,4,5,2,5,5,1,5,3,2,3,3,4,4,4,4,3,5,1,4,,,,,,,,,,,,,,120,CBC1_1640008116_6,11,27,67,69,20,11,12,7,6,12,9,,,,,,,,,,,,,,
121,121,06 Jan 2022 - 17:12:15 CET,06 Jan 2022 - 17:13:19 CET,64,63,1641485535,1641485599,1,2,0,,Gaais,1,"Mozilla/5.0 (iPhone; CPU iPhone OS 14_4_2 like Mac OS X) AppleWebKit/605.1.15 (KHTML, like Gecko) Mobile/15E148 Instagram 216.0.0.12.135 (iPhone9,4; iOS 14_4_2; de_DE; de-DE; scale=2.61; 1080x1920; 338132253) NW/3",,NW 3,414,,2,26,6,2,5,2,5,5,1,5,2,1,,,,,,,,,,,,,,,,,,,,,,,,,,11,17,46,,,,,,,,,,,,,,,,,,,,,,
122,122,06 Jan 2022 - 17:20:41 CET,06 Jan 2022 - 17:20:55 CET,14,14,1641486041,1641486055,1,2,0,,KUT,1,"Mozilla/5.0 (Linux; Android 11; SM-G973F Build/RP1A.200720.012; wv) AppleWebKit/537.36 (KHTML, like Gecko) Version/4.0 Chrome/96.0.4664.104 Mobile Safari/537.36 Instagram 216.1.0.21.137 Android (30/11; 420dpi; 1080x2042; samsung; SM-G973F; beyond1; exynos9820; de_DE; 339335857)",Android 11,Chrome 96.0.4664.104,412,,1,23,5,2,,,,,,,,,,,,,,,,,,,,,,,,,,,,,,,,,,6,14,,,,,,,,,,,,,,,,,,,,,,,
123,123,06 Jan 2022 - 17:58:28 CET,06 Jan 2022 - 18:52:29 CET,3241,523,1641488308,1641491549,1,2,0,,ErklaerungDaten,1,"Mozilla/5.0 (Linux; Android 8.1.0; DUB-LX1) AppleWebKit/537.36 (KHTML, like Gecko) Chrome/94.0.4606.85 Mobile Safari/537.36 OPR/66.2.3445.62346",Android 8.1.0,Opera 66.2.3445.62346,360,,1,46,5,7,6,1,5,6,1,5,2,1,6,6,2,4,4,4,4,3,4,4,,,,,,,,,,,,,,,,17,68,55,297,46,16,41,,,,,,,,,,,,,,,,,,
124,124,06 Jan 2022 - 20:18:46 CET,06 Jan 2022 - 20:27:51 CET,545,543,1641496726,1641497271,1,5,0,,EndText,1,"Mozilla/5.0 (Linux; Android 11; SM-A217F Build/RP1A.200720.012; wv) AppleWebKit/537.36 (KHTML, like Gecko) Version/4.0 Chrome/96.0.4664.104 Mobile Safari/537.36 Instagram 216.1.0.21.137 Android (30/11; 280dpi; 720x1448; samsung; SM-A217F; a21s; exynos850; de_DE; 339335856)",Android 11,Chrome 96.0.4664.104,412,,1,26,6,4,6,1,6,6,1,6,2,2,4,4,4,5,5,3,4,4,5,4,1,1,2,3,1,3,2,3,2,2,3,1,,124,CBC1_1640008116_6,18,19,48,59,46,13,23,27,19,10,5,47,49,17,13,18,17,23,15,12,13,19,27,4,
125,125,06 Jan 2022 - 20:43:01 CET,06 Jan 2022 - 20:52:45 CET,584,583,1641498181,1641498765,1,5,0,,EndText,1,"Mozilla/5.0 (iPhone; CPU iPhone OS 14_8_1 like Mac OS X) AppleWebKit/605.1.15 (KHTML, like Gecko) Version/14.1.2 Mobile/15E148 Safari/604.1",,Safari 604.1,375,,2,26,6,4,5,2,5,5,1,5,1,1,6,3,2,6,5,1,6,3,5,2,1,2,1,3,3,3,1,3,3,3,3,2,,125,CBC1_1640008116_6,11,34,52,62,35,20,19,23,33,17,11,46,25,24,25,23,29,13,17,25,20,17,10,3,
126,126,06 Jan 2022 - 20:57:23 CET,06 Jan 2022 - 20:57:23 CET,0,0,1641499043,1641499043,1,2,0,,Gender,1,"Mozilla/5.0 (Windows NT 10.0; Win64; x64) AppleWebKit/537.36 (KHTML, like Gecko) Chrome/96.0.4664.110 Safari/537.36",Windows 10.0,Chrome 96.0.4664.110,1349,,,,,,,,,,,,,,,,,,,,,,,,,,,,,,,,,,,,,,,10,,,,,,,,,,,,,,,,,,,,,,,,
127,127,06 Jan 2022 - 21:00:59 CET,06 Jan 2022 - 21:15:11 CET,852,852,1641499259,1641500111,1,5,0,,EndText,1,"Mozilla/5.0 (Linux; Android 11; SM-A202F Build/RP1A.200720.012; wv) AppleWebKit/537.36 (KHTML, like Gecko) Version/4.0 Chrome/96.0.4664.104 Mobile Safari/537.36 [FB_IAB/FB4A;FBAV/348.0.0.39.118;]",Android 11,[FB_IAB FB4A;FBAV,360,,2,40,6,4,3,4,1,3,2,5,4,4,2,3,2,5,2,3,3,4,5,3,2,2,2,1,3,3,2,3,1,3,3,3,Die Letzten Möglicgkeitsfragen sind unübersichtlich....besser fragen an welchen Orten Überwachung gewünscht ist mit der dazugehörigen Dauer der Speicherung,127,CBC1_1640008116_6,5,32,95,96,72,19,17,23,23,13,13,96,52,19,7,48,42,12,12,19,15,19,13,95,
128,128,06 Jan 2022 - 23:14:09 CET,06 Jan 2022 - 23:26:15 CET,726,725,1641507249,1641507975,1,5,0,,EndText,1,Mozilla/5.0 (Windows NT 10.0; Win64; x64; rv:95.0) Gecko/20100101 Firefox/95.0,Windows 10.0,Firefox 95.0,1536,,2,57,4,4,4,5,3,4,2,4,2,2,3,5,5,5,5,5,4,6,3,5,2,3,1,3,1,2,1,1,2,2,1,2,,128,CBC1_1640008116_6,18,35,85,61,24,15,10,16,14,11,7,38,19,35,22,33,29,27,31,87,58,33,32,3,
129,129,06 Jan 2022 - 23:22:53 CET,06 Jan 2022 - 23:36:58 CET,845,869,1641507773,1641508618,1,5,0,,EndText,1,"Mozilla/5.0 (iPhone; CPU iPhone OS 15_1 like Mac OS X) AppleWebKit/605.1.15 (KHTML, like Gecko) Mobile/19B74 [FBAN/FBIOS;FBDV/iPhone14,2;FBMD/iPhone;FBSN/iOS;FBSV/15.1;FBSS/3;FBID/phone;FBLC/en_GB;FBOP/5]",,[FBAN FBIOS;FBDV,390,,2,54,7,4,5,5,6,4,2,5,4,1,5,5,1,6,5,3,3,3,6,2,1,3,1,2,3,3,3,3,1,2,1,2,,129,CBC1_1640008116_6,18,19,67,64,25,13,18,25,24,11,50,84,34,21,35,24,19,230,17,33,16,21,16,3,
130,130,07 Jan 2022 - 11:09:30 CET,07 Jan 2022 - 11:10:18 CET,48,48,1641550170,1641550218,1,2,0,,KUT,1,"Mozilla/5.0 (Linux; Android 11; ZTE Blade A51 Build/RP1A.201005.001; wv) AppleWebKit/537.36 (KHTML, like Gecko) Version/4.0 Chrome/96.0.4664.104 Mobile Safari/537.36 Instagram 216.1.0.21.137 Android (30/11; 320dpi; 720x1460; ZTE; ZTE Blade A51; P963F60; s9863a1h10_go_32b; de_DE; 339335850)",Android 11,Chrome 96.0.4664.104,360,,1,26,6,4,,,,,,,,,,,,,,,,,,,,,,,,,,,,,,,,,,5,48,,,,,,,,,,,,,,,,,,,,,,,
131,131,07 Jan 2022 - 11:18:27 CET,07 Jan 2022 - 11:29:21 CET,654,653,1641550707,1641551361,1,5,0,,EndText,1,"Mozilla/5.0 (Linux; Android 11; RMX2063 Build/RKQ1.201112.002; wv) AppleWebKit/537.36 (KHTML, like Gecko) Version/4.0 Chrome/97.0.4692.70 Mobile Safari/537.36 Instagram 216.1.0.21.137 Android (30/11; 480dpi; 1080x2160; realme; RMX2063; RMX2063L1; qcom; de_DE; 339335857)",Android 11,Chrome 97.0.4692.70,360,,1,26,6,2,5,2,5,5,1,5,2,1,5,4,5,6,6,4,6,4,4,3,1,2,2,1,3,2,1,2,2,3,3,3,Immer gerne Thomas,131,CBC1_1640008116_6,4,40,71,72,28,19,17,27,20,11,4,81,16,18,11,31,13,54,12,12,10,12,10,64,
132,132,07 Jan 2022 - 11:29:44 CET,07 Jan 2022 - 11:40:35 CET,651,647,1641551384,1641552035,1,5,0,,EndText,1,"Mozilla/5.0 (iPhone; CPU iPhone OS 15_1_1 like Mac OS X) AppleWebKit/605.1.15 (KHTML, like Gecko) Mobile/15E148 Instagram 216.0.0.12.135 (iPhone13,3; iOS 15_1_1; de_DE; de-DE; scale=3.00; 1170x2532; 338132253) NW/3",,NW 3,390,,1,23,4,2,5,2,6,5,1,5,2,1,5,1,1,6,6,1,5,1,4,2,2,1,1,1,3,1,3,2,3,2,2,3,,132,CBC1_1640008116_6,23,16,54,40,26,16,9,16,18,6,7,196,22,32,35,16,22,23,25,18,17,12,18,3,
133,133,07 Jan 2022 - 11:36:53 CET,07 Jan 2022 - 11:44:50 CET,477,474,1641551813,1641552290,1,5,0,,EndText,1,"Mozilla/5.0 (Linux; Android 10; SM-G960F Build/QP1A.190711.020; wv) AppleWebKit/537.36 (KHTML, like Gecko) Version/4.0 Chrome/97.0.4692.70 Mobile Safari/537.36 Instagram 216.1.0.21.137 Android (29/10; 480dpi; 1080x2076; samsung; SM-G960F; starlte; samsungexynos9810; de_DE; 339335857)",Android 10,Chrome 97.0.4692.70,360,,2,24,6,2,6,2,2,4,1,4,3,1,4,3,3,5,5,1,5,3,4,1,2,2,3,2,2,3,1,2,1,3,2,3,,133,CBC1_1640008116_6,5,14,55,37,31,21,10,12,16,5,6,35,19,27,25,15,25,27,45,11,11,11,14,2,
134,134,07 Jan 2022 - 11:39:47 CET,07 Jan 2022 - 11:40:25 CET,38,58,1641551987,1641552025,1,2,0,,KUT,1,"Mozilla/5.0 (iPhone; CPU iPhone OS 15_2 like Mac OS X) AppleWebKit/605.1.15 (KHTML, like Gecko) Mobile/15E148 Instagram 216.0.0.12.135 (iPhone13,2; iOS 15_2; de_DE; de-DE; scale=3.00; 1170x2532; 338132253)",,Mobile 15E148,390,,2,24,6,4,,,,,,,,,,,,,,,,,,,,,,,,,,,,,,,,,,8,58,,,,,,,,,,,,,,,,,,,,,,,
135,135,07 Jan 2022 - 11:48:51 CET,07 Jan 2022 - 11:48:52 CET,1,0,1641552531,1641552532,1,2,0,,Gender,1,"Mozilla/5.0 (Linux; Android 11; SM-G780G Build/RP1A.200720.012; wv) AppleWebKit/537.36 (KHTML, like Gecko) Version/4.0 Chrome/96.0.4664.104 Mobile Safari/537.36 Instagram 216.1.0.21.137 Android (30/11; 480dpi; 1080x2312; samsung; SM-G780G; r8q; qcom; de_DE; 339335857)",Android 11,Chrome 96.0.4664.104,360,,,,,,,,,,,,,,,,,,,,,,,,,,,,,,,,,,,,,,,15,,,,,,,,,,,,,,,,,,,,,,,,
136,136,07 Jan 2022 - 12:03:49 CET,07 Jan 2022 - 12:10:12 CET,383,380,1641553429,1641553812,1,5,0,,EndText,1,"Mozilla/5.0 (iPhone; CPU iPhone OS 15_1 like Mac OS X) AppleWebKit/605.1.15 (KHTML, like Gecko) Mobile/15E148 Instagram 216.0.0.12.135 (iPhone11,6; iOS 15_1; de_DE; de-DE; scale=3.00; 1242x2688; 338132253) NW/3",,NW 3,414,,2,25,5,2,4,2,2,3,2,3,4,3,4,2,2,5,5,2,5,2,5,4,3,3,3,1,3,1,2,1,1,3,2,1,,136,CBC1_1640008116_6,20,29,54,50,24,14,27,13,14,8,6,25,22,14,6,9,6,12,6,13,9,11,4,4,
137,137,07 Jan 2022 - 12:10:11 CET,07 Jan 2022 - 12:11:59 CET,108,108,1641553811,1641553919,1,2,0,,Gaais,1,"Mozilla/5.0 (iPhone; CPU iPhone OS 15_1 like Mac OS X) AppleWebKit/605.1.15 (KHTML, like Gecko) Mobile/15E148 Instagram 216.0.0.12.135 (iPhone11,8; iOS 15_1; de_DE; de-DE; scale=2.00; 828x1792; 338132253)",,Mobile 15E148,414,,2,16,1,1,3,3,4,3,2,4,3,2,,,,,,,,,,,,,,,,,,,,,,,,,,28,27,81,,,,,,,,,,,,,,,,,,,,,,
138,138,07 Jan 2022 - 12:21:10 CET,07 Jan 2022 - 12:29:54 CET,524,523,1641554470,1641554994,1,5,0,,EndText,1,"Mozilla/5.0 (Linux; Android 10; ONEPLUS A5010 Build/QKQ1.191014.012; wv) AppleWebKit/537.36 (KHTML, like Gecko) Version/4.0 Chrome/96.0.4664.45 Mobile Safari/537.36 Instagram 214.1.0.29.120 Android (29/10; 380dpi; 1080x2160; OnePlus; ONEPLUS A5010; OnePlus5T; qcom; en_US; 333717274)",Android 10,Chrome 96.0.4664.45,455,,1,25,6,2,6,5,4,5,1,6,3,1,5,5,1,6,6,1,6,6,6,6,1,1,1,2,3,2,3,2,2,3,1,1,,138,CBC1_1640008116_6,4,36,56,46,22,12,11,5,2,2,4,58,30,77,11,27,14,13,13,8,11,4,4,57,
139,139,07 Jan 2022 - 12:28:13 CET,07 Jan 2022 - 12:39:00 CET,647,641,1641554893,1641555540,1,5,0,,EndText,1,"Mozilla/5.0 (Linux; Android 10; VOG-L29 Build/HUAWEIVOG-L29; wv) AppleWebKit/537.36 (KHTML, like Gecko) Version/4.0 Chrome/96.0.4664.104 Mobile Safari/537.36 Instagram 216.1.0.21.137 Android (29/10; 480dpi; 1080x2265; HUAWEI; VOG-L29; HWVOG; kirin980; de_DE; 339335857)",Android 10,Chrome 96.0.4664.104,360,,1,26,5,2,5,2,4,5,1,5,3,1,5,3,3,5,5,2,5,3,5,3,3,3,2,2,2,3,2,2,2,3,1,1,,139,CBC1_1640008116_6,13,16,50,52,28,10,18,20,23,16,2,151,62,21,53,19,12,13,15,18,13,14,12,3,
140,140,07 Jan 2022 - 12:35:34 CET,07 Jan 2022 - 12:42:50 CET,436,432,1641555334,1641555770,1,5,0,,EndText,1,"Mozilla/5.0 (Linux; Android 11; M2103K19G Build/RP1A.200720.011; wv) AppleWebKit/537.36 (KHTML, like Gecko) Version/4.0 Chrome/96.0.4664.104 Mobile Safari/537.36 Instagram 216.1.0.21.137 Android (30/11; 440dpi; 1080x2167; Xiaomi/Redmi; M2103K19G; camellian; mt6833; de_DE; 339335857)",Android 11,Chrome 96.0.4664.104,393,,1,23,5,2,4,2,4,5,1,4,3,2,5,3,2,5,6,1,6,2,4,5,2,2,1,3,1,2,1,2,1,2,3,1,,140,CBC1_1640008116_6,5,21,55,41,8,4,6,3,4,2,3,40,16,17,11,10,106,31,7,15,11,6,13,2,
141,141,07 Jan 2022 - 12:46:56 CET,07 Jan 2022 - 12:55:31 CET,515,514,1641556016,1641556531,1,5,0,,EndText,1,"Mozilla/5.0 (Windows NT 10.0; Win64; x64) AppleWebKit/537.36 (KHTML, like Gecko) Chrome/96.0.4664.110 Safari/537.36 Edg/96.0.1054.57",Windows 10.0,Edg 96.0.1054.57,1536,,2,31,6,4,2,4,2,5,3,4,5,2,5,1,1,6,6,1,6,1,6,1,2,1,2,2,1,2,1,3,3,2,3,1,,141,CBC1_1640008116_6,4,11,36,31,24,16,25,29,27,11,5,62,37,30,20,17,21,19,12,18,23,18,19,3,
142,142,07 Jan 2022 - 12:58:51 CET,07 Jan 2022 - 13:04:21 CET,330,327,1641556731,1641557061,1,5,0,,EndText,1,Mozilla/5.0 (Windows NT 10.0; Win64; x64; rv:95.0) Gecko/20100101 Firefox/95.0,Windows 10.0,Firefox 95.0,1349,,2,38,6,4,6,2,3,6,1,5,3,1,3,5,4,4,3,4,4,5,3,5,2,1,2,1,2,3,2,2,3,1,1,2,,142,CBC1_1640008116_6,12,13,42,40,21,8,19,11,9,9,4,32,14,15,9,10,12,14,7,8,8,11,9,2,
143,143,07 Jan 2022 - 13:40:21 CET,07 Jan 2022 - 13:41:34 CET,73,72,1641559221,1641559294,1,2,0,,KUT,1,"Mozilla/5.0 (iPhone; CPU iPhone OS 15_1 like Mac OS X) AppleWebKit/605.1.15 (KHTML, like Gecko) Mobile/15E148 Instagram 216.0.0.12.135 (iPhone10,4; iOS 15_1; de_DE; de-DE; scale=2.00; 750x1334; 338132253) NW/3",,NW 3,375,,1,26,4,4,,,,,,,,,,,,,,,,,,,,,,,,,,,,,,,,,,4,72,,,,,,,,,,,,,,,,,,,,,,,
144,144,07 Jan 2022 - 14:41:50 CET,07 Jan 2022 - 14:46:37 CET,287,287,1641562910,1641563197,1,2,0,,CBC_Random2,1,"Mozilla/5.0 (Linux; Android 11; SM-G780F Build/RP1A.200720.012; wv) AppleWebKit/537.36 (KHTML, like Gecko) Version/4.0 Chrome/96.0.4664.104 Mobile Safari/537.36 Instagram 216.1.0.21.137 Android (30/11; 420dpi; 1080x2273; samsung; SM-G780F; r8s; exynos990; de_DE; 339335857)",Android 11,Chrome 96.0.4664.104,412,,2,28,5,2,5,4,5,6,1,5,4,2,4,1,5,4,6,4,4,3,5,3,1,,,,,,,,,,,,,144,CBC1_1640008116_6,6,21,61,68,23,13,14,20,15,8,5,39,,,,,,,,,,,,,
145,145,07 Jan 2022 - 15:04:58 CET,07 Jan 2022 - 15:07:20 CET,142,142,1641564298,1641564440,1,2,0,,EinuerhrungErklarung,1,"Mozilla/5.0 (Linux; Android 12; Pixel 4 Build/SQ1A.211205.008; wv) AppleWebKit/537.36 (KHTML, like Gecko) Version/4.0 Chrome/97.0.4692.70 Mobile Safari/537.36 Instagram 216.1.0.21.137 Android (31/12; 440dpi; 1080x2236; Google/google; Pixel 4; flame; flame; de_DE; 339335857)",Android 12,Chrome 97.0.4692.70,393,,1,27,6,4,6,3,6,6,1,6,1,1,6,1,2,6,6,1,6,3,6,2,,,,,,,,,,,,,,,,6,15,44,41,42,,,,,,,,,,,,,,,,,,,,
146,146,07 Jan 2022 - 15:28:58 CET,07 Jan 2022 - 15:30:39 CET,101,101,1641565738,1641565839,1,2,0,,Gaais,1,"Mozilla/5.0 (iPhone; CPU iPhone OS 13_4_1 like Mac OS X) AppleWebKit/605.1.15 (KHTML, like Gecko) Mobile/15E148 Instagram 216.0.0.12.135 (iPhone11,8; iOS 13_4_1; de_DE; de-DE; scale=2.00; 828x1792; 338132253) NW/3",,NW 3,414,,1,31,5,4,5,4,4,5,1,5,2,2,,,,,,,,,,,,,,,,,,,,,,,,,,6,41,60,,,,,,,,,,,,,,,,,,,,,,
147,147,07 Jan 2022 - 15:34:23 CET,07 Jan 2022 - 15:34:23 CET,0,0,1641566063,1641566063,1,2,0,,Gender,1,"Mozilla/5.0 (iPhone; CPU iPhone OS 15_1_1 like Mac OS X) AppleWebKit/605.1.15 (KHTML, like Gecko) Mobile/15E148 Instagram 216.0.0.12.135 (iPhone14,4; iOS 15_1_1; de_DE; de-DE; scale=2.88; 1080x2338; 338132253) NW/3",,NW 3,375,,,,,,,,,,,,,,,,,,,,,,,,,,,,,,,,,,,,,,,4,,,,,,,,,,,,,,,,,,,,,,,,
148,148,07 Jan 2022 - 17:07:38 CET,07 Jan 2022 - 17:17:14 CET,576,573,1641571658,1641572234,1,5,0,,EndText,1,"Mozilla/5.0 (iPhone; CPU iPhone OS 15_2 like Mac OS X) AppleWebKit/605.1.15 (KHTML, like Gecko) Mobile/15E148 Instagram 216.0.0.12.135 (iPhone14,5; iOS 15_2; de_DE; de-DE; scale=3.00; 1170x2532; 338132253) NW/3",,NW 3,390,,1,26,6,2,5,4,6,5,2,6,4,2,2,3,4,6,4,3,4,5,5,6,1,1,1,1,3,2,3,2,3,2,2,3,,148,CBC1_1640008116_6,39,31,59,57,42,25,31,25,36,19,8,59,20,20,13,18,18,17,11,17,20,11,8,8,
149,149,07 Jan 2022 - 20:12:01 CET,07 Jan 2022 - 20:40:45 CET,1724,1724,1641582721,1641584445,1,5,0,,EndText,1,"Mozilla/5.0 (iPhone; CPU iPhone OS 15_1_1 like Mac OS X) AppleWebKit/605.1.15 (KHTML, like Gecko) Mobile/15E148 Instagram 216.0.0.12.135 (iPhone13,3; iOS 15_1_1; de_DE; de-DE; scale=3.00; 1170x2532; 338132253)",,Mobile 15E148,390,,1,20,3,1,5,4,3,5,2,4,3,2,4,4,4,5,5,3,5,3,3,5,2,3,3,3,3,2,1,2,1,1,1,2,,149,CBC1_1640008116_6,5,30,70,70,58,15,202,17,41,25,8,1005,27,20,18,19,22,11,7,14,14,17,11,3,
150,150,08 Jan 2022 - 00:34:50 CET,08 Jan 2022 - 00:35:37 CET,47,46,1641598490,1641598537,1,2,0,,KUT,1,"Mozilla/5.0 (iPhone; CPU iPhone OS 15_2 like Mac OS X) AppleWebKit/605.1.15 (KHTML, like Gecko) Mobile/15E148 Instagram 216.0.0.12.135 (iPhone10,3; iOS 15_2; de_DE; de-DE; scale=3.00; 1125x2436; 338132253) NW/3",,NW 3,375,,1,26,8,4,,,,,,,,,,,,,,,,,,,,,,,,,,,,,,,,,,9,46,,,,,,,,,,,,,,,,,,,,,,,
151,151,08 Jan 2022 - 01:02:40 CET,08 Jan 2022 - 01:24:59 CET,1339,1335,1641600160,1641601499,1,5,0,,EndText,1,"Mozilla/5.0 (Linux; Android 12; SM-G991B Build/SP1A.210812.016; wv) AppleWebKit/537.36 (KHTML, like Gecko) Version/4.0 Chrome/96.0.4664.104 Mobile Safari/537.36 Instagram 216.1.0.21.137 Android (31/12; 450dpi; 1080x2185; samsung; SM-G991B; o1s; exynos2100; de_DE; 339335857)",Android 12,Chrome 96.0.4664.104,384,,1,25,6,4,5,2,6,5,1,5,2,2,5,2,1,5,6,1,6,3,5,2,1,3,2,3,1,2,1,3,3,1,1,2,,151,CBC1_1640008116_6,121,30,291,162,44,37,18,36,67,14,9,86,58,31,16,80,31,42,78,93,24,47,26,15,
152,152,09 Jan 2022 - 18:53:35 CET,09 Jan 2022 - 19:04:14 CET,639,680,1641750815,1641751454,1,5,0,,EndText,1,"Mozilla/5.0 (Linux; Android 11; SM-G980F) AppleWebKit/537.36 (KHTML, like Gecko) Chrome/96.0.4664.104 Mobile Safari/537.36",Android 11,Chrome 96.0.4664.104,980,,1,25,6,4,6,2,4,6,1,6,2,1,5,3,3,5,5,2,5,4,5,4,2,2,1,1,3,3,2,3,3,1,3,2,,152,CBC1_1640008116_6,6,25,56,59,37,79,23,35,27,13,11,78,12,14,29,32,30,14,14,48,12,11,10,11,
153,153,09 Jan 2022 - 21:01:39 CET,09 Jan 2022 - 21:09:52 CET,493,490,1641758499,1641758992,1,5,0,,EndText,1,"Mozilla/5.0 (iPhone; CPU iPhone OS 14_6 like Mac OS X) AppleWebKit/605.1.15 (KHTML, like Gecko) Version/14.1.1 Mobile/15E148 Safari/604.1",,Safari 604.1,414,,2,24,6,2,3,4,3,4,2,4,4,3,3,3,3,4,4,3,4,3,4,4,3,2,3,1,3,3,3,1,3,1,3,1,,153,CBC1_1640008116_6,62,29,44,61,41,13,13,17,11,3,1,41,24,12,12,10,14,11,26,22,34,27,22,2,
154,154,10 Jan 2022 - 12:32:07 CET,10 Jan 2022 - 16:59:24 CET,16037,16037,1641814327,1641830364,1,2,0,,Gaais,1,"Mozilla/5.0 (Macintosh; Intel Mac OS X 10_15_6) AppleWebKit/605.1.15 (KHTML, like Gecko) Version/14.0.3 Safari/605.1.15",Mac OS X 10.15.6,Safari 14.0.3,1025,,1,56,1,1,1,1,1,1,1,1,1,1,,,,,,,,,,,,,,,,,,,,,,,,,,3,15983,54,,,,,,,,,,,,,,,,,,,,,,
155,155,10 Jan 2022 - 19:35:26 CET,10 Jan 2022 - 19:45:41 CET,615,612,1641839726,1641840341,1,5,0,,EndText,1,"Mozilla/5.0 (Macintosh; Intel Mac OS X 10_15_7) AppleWebKit/605.1.15 (KHTML, like Gecko) Version/15.1 Safari/605.1.15",Mac OS X 10.15.7,Safari 15.1,1264,,2,23,4,4,5,1,4,6,1,5,4,2,3,3,4,4,3,5,3,4,2,5,2,2,2,2,2,3,2,2,2,3,3,1,,155,CBC1_1640008116_6,40,12,49,50,25,14,26,16,22,8,5,57,45,47,24,24,36,28,18,13,54,16,20,3,
156,156,11 Jan 2022 - 06:32:01 CET,11 Jan 2022 - 06:42:03 CET,602,599,1641879121,1641879723,1,5,0,,EndText,1,"Mozilla/5.0 (iPhone; CPU iPhone OS 15_2 like Mac OS X) AppleWebKit/605.1.15 (KHTML, like Gecko) Version/15.2 Mobile/15E148 Safari/604.1",,Safari 604.1,375,,1,24,6,2,6,3,3,6,2,5,2,2,6,2,4,6,6,2,6,4,6,3,1,1,2,1,3,2,1,2,1,3,3,1,,156,CBC1_1640008116_6,32,16,47,75,45,18,18,26,27,12,9,80,28,24,20,26,15,16,19,22,24,12,15,5,
